unit_id,centroid_lat,centroid_lon,nearest_library,library_lat,library_lon,distance_km,time_min,method
grid_R000_C033,22.883237238312837,120.35186310579054,關廟區圖書館,22.960055,120.324203,10.6105,14.693333333333332,osrm_driving
grid_R001_C023,22.89184023557852,120.25435552601375,喜樹圖書館,22.940384,120.17836,12.8216,19.178333333333335,osrm_driving
grid_R001_C025,22.89193047259132,120.27384827625932,仁德區圖書館,22.972232,120.253105,14.7538,16.576666666666668,osrm_driving
grid_R001_C026,22.89197469492884,120.28359468798752,仁德區圖書館,22.972232,120.253105,13.0458,14.326666666666666,osrm_driving
grid_R001_C030,22.8921456096805,120.32258057133,關廟區圖書館,22.960055,120.324203,12.1352,14.655,osrm_driving
grid_R001_C031,22.89218684468979,120.33232709964302,關廟區圖書館,22.960055,120.324203,10.7683,13.723333333333333,osrm_driving
grid_R001_C032,22.89222748221631,120.34207365029496,關廟區圖書館,22.960055,120.324203,9.7362,10.585,osrm_driving
grid_R001_C033,22.892267522254528,120.35182022295984,關廟區圖書館,22.960055,120.324203,9.289,10.408333333333331,osrm_driving
grid_R001_C034,22.892306964799015,120.3615668173116,關廟區圖書館,22.960055,120.324203,10.915,15.983333333333333,osrm_driving
grid_R002_C021,22.9007776545493,120.2348122310614,喜樹圖書館,22.940384,120.17836,10.0289,11.095,osrm_driving
grid_R002_C022,22.90082428707248,120.24455918861268,喜樹圖書館,22.940384,120.17836,11.048,14.696666666666664,osrm_driving
grid_R002_C023,22.900870321904357,120.25430617144434,仁德區圖書館,22.972232,120.253105,9.5583,13.96,osrm_driving
grid_R002_C024,22.900915759038696,120.26405317923027,仁德區圖書館,22.972232,120.253105,16.1223,23.508333333333333,osrm_driving
grid_R002_C025,22.90096059846931,120.27380021164446,關廟區圖書館,22.960055,120.324203,10.6183,15.15,osrm_driving
grid_R002_C026,22.90100484019013,120.28354726836072,仁德區圖書館,22.972232,120.253105,16.0073,17.81,osrm_driving
grid_R002_C027,22.90104848419512,120.29329434905304,仁德區圖書館,22.972232,120.253105,10.3743,15.433333333333334,osrm_driving
grid_R002_C028,22.90109153047837,120.30304145339532,關廟區圖書館,22.960055,120.324203,9.2248,17.505,osrm_driving
grid_R002_C029,22.901133979034025,120.3127885810614,關廟區圖書館,22.960055,120.324203,8.5509,14.626666666666669,osrm_driving
grid_R002_C030,22.901175829856324,120.32253573172528,關廟區圖書館,22.960055,120.324203,13.5665,20.8,osrm_driving
grid_R002_C031,22.90121708293957,120.33228290506077,關廟區圖書館,22.960055,120.324203,10.6961,16.573333333333334,osrm_driving
grid_R002_C032,22.901257738278172,120.34203010074178,關廟區圖書館,22.960055,120.324203,9.3641,11.246666666666666,osrm_driving
grid_R002_C033,22.9012977958666,120.35177731844222,關廟區圖書館,22.960055,120.324203,8.259,9.03,osrm_driving
grid_R002_C034,22.901337255699406,120.36152455783598,關廟區圖書館,22.960055,120.324203,8.2956,10.493333333333334,osrm_driving
grid_R002_C035,22.90137611777125,120.37127181859688,關廟區圖書館,22.960055,120.324203,9.3434,14.018333333333334,osrm_driving
grid_R003_C015,22.909515215518542,120.17627649325264,喜樹圖書館,22.940384,120.17836,4.1484,5.761666666666667,osrm_driving
grid_R003_C018,22.909664143388795,120.20551890744052,喜樹圖書館,22.940384,120.17836,5.926399999999999,7.738333333333333,osrm_driving
grid_R003_C019,22.909712590166457,120.21526643245626,喜樹圖書館,22.940384,120.17836,6.880199999999999,8.491666666666667,osrm_driving
grid_R003_C020,22.909760439010203,120.2250139837383,喜樹圖書館,22.940384,120.17836,8.6679,9.366666666666667,osrm_driving
grid_R003_C021,22.909807689913535,120.23476156096046,喜樹圖書館,22.940384,120.17836,9.867,10.791666666666666,osrm_driving
grid_R003_C022,22.909854342870037,120.24450916379664,仁德區圖書館,22.972232,120.253105,8.4261,12.346666666666666,osrm_driving
grid_R003_C023,22.90990039787336,120.25425679192064,仁德區圖書館,22.972232,120.253105,8.5884,12.18,osrm_driving
grid_R003_C024,22.909945854917257,120.2640044450063,仁德區圖書館,22.972232,120.253105,7.5229,6.035,osrm_driving
grid_R003_C025,22.909990713995555,120.27375212272744,關廟區圖書館,22.960055,120.324203,9.692,11.85,osrm_driving
grid_R003_C026,22.91003497510215,120.28349982475788,仁德區圖書館,22.972232,120.253105,10.2017,12.69,osrm_driving
grid_R003_C027,22.910078638231035,120.29324755077144,仁德區圖書館,22.972232,120.253105,9.1866,11.165,osrm_driving
grid_R003_C028,22.91012170337627,120.30299530044188,關廟區圖書館,22.960055,120.324203,8.3137,16.281666666666666,osrm_driving
grid_R003_C029,22.910164170532017,120.3127430734431,關廟區圖書館,22.960055,120.324203,7.3173,12.33,osrm_driving
grid_R003_C030,22.9102060396925,120.32249086944888,關廟區圖書館,22.960055,120.324203,8.02,12.341666666666669,osrm_driving
grid_R003_C031,22.91024731085203,120.33223868813296,關廟區圖書館,22.960055,120.324203,10.0302,11.52,osrm_driving
grid_R003_C032,22.910287984005,120.34198652916918,關廟區圖書館,22.960055,120.324203,7.4692,11.578333333333337,osrm_driving
grid_R003_C033,22.910328059145883,120.35173439223132,關廟區圖書館,22.960055,120.324203,6.829,8.101666666666667,osrm_driving
grid_R003_C034,22.91036753626924,120.36148227699316,關廟區圖書館,22.960055,120.324203,9.01,11.466666666666669,osrm_driving
grid_R003_C035,22.9104064153697,120.37123018312847,關廟區圖書館,22.960055,120.324203,9.613,12.305,osrm_driving
grid_R003_C036,22.910444696441992,120.38097811031103,龍崎區圖書館,22.964715,120.359274,10.8109,19.073333333333338,osrm_driving
grid_R003_C039,22.91055595143819,120.41022201488003,龍崎區圖書館,22.964715,120.359274,13.8394,18.101666666666667,osrm_driving
grid_R004_C015,22.918545112401805,120.17622192403375,喜樹圖書館,22.940384,120.17836,2.7996,4.36,osrm_driving
grid_R004_C016,22.918595374948765,120.18597001385788,喜樹圖書館,22.940384,120.17836,3.2496,4.7283333333333335,osrm_driving
grid_R004_C017,22.91864503931991,120.1957181309348,喜樹圖書館,22.940384,120.17836,4.2556,7.136666666666667,osrm_driving
grid_R004_C018,22.91869410550848,120.20546627493827,喜樹圖書館,22.940384,120.17836,4.5507,8.283333333333333,osrm_driving
grid_R004_C019,22.918742573507824,120.21521444554206,喜樹圖書館,22.940384,120.17836,5.373399999999999,9.173333333333334,osrm_driving
grid_R004_C020,22.91879044331134,120.2249626424199,喜樹圖書館,22.940384,120.17836,7.371899999999999,8.163333333333334,osrm_driving
grid_R004_C021,22.918837714912534,120.23471086524556,仁德區圖書館,22.972232,120.253105,6.7969,8.971666666666666,osrm_driving
grid_R004_C022,22.91888438830499,120.24445911369276,仁德區圖書館,22.972232,120.253105,7.2598,10.228333333333332,osrm_driving
grid_R004_C023,22.918930463482347,120.25420738743529,仁德區圖書館,22.972232,120.253105,7.8857,13.13,osrm_driving
grid_R004_C024,22.91897594043837,120.26395568614684,仁德區圖書館,22.972232,120.253105,7.099399999999999,13.431666666666668,osrm_driving
grid_R004_C025,22.919020819166857,120.27370400950112,關廟區圖書館,22.960055,120.324203,8.282399999999999,9.423333333333334,osrm_driving
grid_R004_C026,22.91906509966173,120.2834523571719,關廟區圖書館,22.960055,120.324203,9.1196,10.915,osrm_driving
grid_R004_C027,22.91910878191695,120.29320072883286,仁德區圖書館,22.972232,120.253105,8.3293,10.796666666666663,osrm_driving
grid_R004_C028,22.919151865926604,120.30294912415776,關廟區圖書館,22.960055,120.324203,6.691,14.065,osrm_driving
grid_R004_C029,22.91919435168483,120.31269754282027,關廟區圖書館,22.960055,120.324203,6.7755,12.07,osrm_driving
grid_R004_C030,22.919236239185857,120.32244598449417,關廟區圖書館,22.960055,120.324203,6.945,12.658333333333331,osrm_driving
grid_R004_C031,22.919277528423983,120.33219444885304,關廟區圖書館,22.960055,120.324203,6.2264,9.648333333333332,osrm_driving
grid_R004_C032,22.919318219393617,120.34194293557066,關廟區圖書館,22.960055,120.324203,6.1656,8.558333333333334,osrm_driving
grid_R004_C033,22.919358312089216,120.3516914443207,關廟區圖書館,22.960055,120.324203,6.0081999999999995,9.006666666666666,osrm_driving
grid_R004_C034,22.919397806505337,120.36143997477689,關廟區圖書館,22.960055,120.324203,7.616899999999999,13.071666666666664,osrm_driving
grid_R004_C035,22.91943670263661,120.3711885266128,關廟區圖書館,22.960055,120.324203,10.6673,13.393333333333334,osrm_driving
grid_R004_C036,22.91947500047775,120.38093709950226,關廟區圖書館,22.960055,120.324203,11.7612,16.176666666666666,osrm_driving
grid_R004_C037,22.919512700023564,120.39068569311884,龍崎區圖書館,22.964715,120.359274,8.6816,12.778333333333334,osrm_driving
grid_R004_C038,22.91954980126892,120.40043430713624,龍崎區圖書館,22.964715,120.359274,8.218200000000001,11.635,osrm_driving
grid_R004_C039,22.91958630420878,120.41018294122811,龍崎區圖書館,22.964715,120.359274,10.312,18.27,osrm_driving
grid_R004_C040,22.919622208838188,120.4199315950682,龍崎區圖書館,22.964715,120.359274,11.7197,14.35,osrm_driving
grid_R005_C015,22.92757499890018,120.17616732723585,喜樹圖書館,22.940384,120.17836,1.787,3.29,osrm_driving
grid_R005_C016,22.927625283457346,120.1859160629504,喜樹圖書館,22.940384,120.17836,1.8866,3.533333333333333,osrm_driving
grid_R005_C017,22.927674969576756,120.19566482592582,喜樹圖書館,22.940384,120.17836,3.3801,6.378333333333333,osrm_driving
grid_R005_C018,22.927724057251663,120.20541361583572,喜樹圖書館,22.940384,120.17836,5.5393,12.326666666666666,osrm_driving
grid_R005_C019,22.92777254647541,120.2151624323538,喜樹圖書館,22.940384,120.17836,8.0295,11.445,osrm_driving
grid_R005_C020,22.927820437241397,120.22491127515372,喜樹圖書館,22.940384,120.17836,7.7335,11.071666666666664,osrm_driving
grid_R005_C021,22.927867729543117,120.23466014390908,仁德區圖書館,22.972232,120.253105,6.3649,9.35,osrm_driving
grid_R005_C022,22.927914423374144,120.2444090382936,仁德區圖書館,22.972232,120.253105,5.1913,6.569999999999999,osrm_driving
grid_R005_C023,22.92796051872814,120.25415795798088,仁德區圖書館,22.972232,120.253105,6.8184,9.553333333333336,osrm_driving
grid_R005_C024,22.92800601559883,120.26390690264458,仁德區圖書館,22.972232,120.253105,6.5222,9.9,osrm_driving
grid_R005_C025,22.928050913980044,120.2736558719583,關廟區圖書館,22.960055,120.324203,7.768800000000001,9.018333333333334,osrm_driving
grid_R005_C026,22.92809521386567,120.28340486559571,仁德區圖書館,22.972232,120.253105,6.9447,8.223333333333333,osrm_driving
grid_R005_C027,22.928138915249704,120.29315388323042,仁德區圖書館,22.972232,120.253105,7.9334,10.165,osrm_driving
grid_R005_C028,22.928182018126197,120.302902924536,關廟區圖書館,22.960055,120.324203,5.6293,10.596666666666666,osrm_driving
grid_R005_C029,22.92822452248929,120.31265198918614,關廟區圖書館,22.960055,120.324203,4.9237,7.633333333333334,osrm_driving
grid_R005_C030,22.928266428333213,120.3224010768544,關廟區圖書館,22.960055,120.324203,4.533600000000001,10.798333333333334,osrm_driving
grid_R005_C031,22.928307735652268,120.3321501872144,關廟區圖書館,22.960055,120.324203,4.5003,8.371666666666666,osrm_driving
grid_R005_C032,22.928348444440847,120.34189931993971,關廟區圖書館,22.960055,120.324203,4.2619,4.763333333333334,osrm_driving
grid_R005_C033,22.928388554693413,120.351648474704,關廟區圖書館,22.960055,120.324203,10.0282,9.981666666666666,osrm_driving
grid_R005_C034,22.92842806640452,120.36139765118078,龍崎區圖書館,22.964715,120.359274,6.7873,11.65,osrm_driving
grid_R005_C035,22.928466979568796,120.3711468490437,龍崎區圖書館,22.964715,120.359274,7.346100000000001,14.103333333333332,osrm_driving
grid_R005_C036,22.928505294180955,120.38089606796632,龍崎區圖書館,22.964715,120.359274,9.5105,14.366666666666667,osrm_driving
grid_R005_C037,22.928543010235796,120.39064530762218,龍崎區圖書館,22.964715,120.359274,7.574199999999999,11.28,osrm_driving
grid_R005_C038,22.92858012772818,120.40039456768493,龍崎區圖書館,22.964715,120.359274,8.6288,16.631666666666668,osrm_driving
grid_R005_C039,22.92861664665307,120.4101438478281,龍崎區圖書館,22.964715,120.359274,9.2467,12.213333333333331,osrm_driving
grid_R005_C040,22.928652567005503,120.41989314772523,龍崎區圖書館,22.964715,120.359274,10.9235,13.436666666666667,osrm_driving
grid_R005_C041,22.92868788878061,120.42964246704992,龍崎區圖書館,22.964715,120.359274,12.7087,16.393333333333334,osrm_driving
grid_R006_C015,22.936604875010477,120.17611270285076,喜樹圖書館,22.940384,120.17836,0.9191,2.2266666666666666,osrm_driving
grid_R006_C016,22.936655181580676,120.18586208478207,喜樹圖書館,22.940384,120.17836,1.7158,3.545,osrm_driving
grid_R006_C017,22.936704889451153,120.19561149398233,喜樹圖書館,22.940384,120.17836,3.5238,5.2266666666666675,osrm_driving
grid_R006_C018,22.936753998615167,120.20536093012498,林森圖書館,22.986591,120.223125,8.9589,20.248333333333335,osrm_driving
grid_R006_C019,22.936802509066045,120.2151103928837,喜樹圖書館,22.940384,120.17836,7.7105,9.235,osrm_driving
grid_R006_C020,22.936850420797192,120.22485988193202,喜樹圖書館,22.940384,120.17836,6.9115,7.878333333333333,osrm_driving
grid_R006_C021,22.936897733802095,120.23460939694348,仁德區圖書館,22.972232,120.253105,5.3806,9.168333333333331,osrm_driving
grid_R006_C022,22.93694444807433,120.24435893759168,仁德區圖書館,22.972232,120.253105,4.5385,6.633333333333334,osrm_driving
grid_R006_C023,22.93699056360754,120.25410850355009,仁德區圖書館,22.972232,120.253105,4.6512,7.608333333333333,osrm_driving
grid_R006_C024,22.937036080395472,120.2638580944923,仁德區圖書館,22.972232,120.253105,4.8995,7.98,osrm_driving
grid_R006_C025,22.937080998431934,120.27360771009184,仁德區圖書館,22.972232,120.253105,6.083,8.025,osrm_driving
grid_R006_C026,22.93712531771082,120.28335735002224,仁德區圖書館,22.972232,120.253105,6.1976,8.915,osrm_driving
grid_R006_C027,22.937169038226113,120.29310701395704,歸仁區圖書館,22.971948,120.297439,5.5374,9.003333333333334,osrm_driving
grid_R006_C028,22.937212159971867,120.30285670156972,歸仁區圖書館,22.971948,120.297439,5.103,9.7,osrm_driving
grid_R006_C029,22.937254682942225,120.31260641253384,關廟區圖書館,22.960055,120.324203,4.0182,7.125,osrm_driving
grid_R006_C030,22.9372966071314,120.32235614652288,關廟區圖書館,22.960055,120.324203,3.2618,5.708333333333333,osrm_driving
grid_R006_C031,22.93733793253371,120.33210590321038,關廟區圖書館,22.960055,120.324203,3.161,4.54,osrm_driving
grid_R006_C032,22.937378659143526,120.34185568226984,關廟區圖書館,22.960055,120.324203,4.0205,6.998333333333333,osrm_driving
grid_R006_C033,22.93741878695532,120.35160548337475,龍崎區圖書館,22.964715,120.359274,6.175800000000001,13.628333333333334,osrm_driving
grid_R006_C034,22.93745831596364,120.3613553061986,龍崎區圖書館,22.964715,120.359274,5.2219,8.13,osrm_driving
grid_R006_C035,22.937497246163105,120.37110515041488,龍崎區圖書館,22.964715,120.359274,5.0761,12.356666666666666,osrm_driving
grid_R006_C036,22.93753557754843,120.38085501569708,龍崎區圖書館,22.964715,120.359274,5.0549,10.578333333333337,osrm_driving
grid_R006_C037,22.937573310114413,120.39060490171867,龍崎區圖書館,22.964715,120.359274,5.9413,9.605,osrm_driving
grid_R006_C038,22.937610443855917,120.40035480815318,龍崎區圖書館,22.964715,120.359274,6.5827,11.2,osrm_driving
grid_R006_C039,22.937646978767894,120.41010473467404,龍崎區圖書館,22.964715,120.359274,8.1953,12.773333333333332,osrm_driving
grid_R006_C040,22.937682914845393,120.41985468095471,龍崎區圖書館,22.964715,120.359274,9.257700000000002,11.698333333333332,osrm_driving
grid_R006_C041,22.937718252083513,120.4296046466687,龍崎區圖書館,22.964715,120.359274,10.4047,17.246666666666666,osrm_driving
grid_R007_C015,22.945634740729513,120.17605805087037,喜樹圖書館,22.940384,120.17836,2.161,3.893333333333333,osrm_driving
grid_R007_C016,22.94568506931557,120.18580807934484,喜樹圖書館,22.940384,120.17836,1.4055,4.739999999999999,osrm_driving
grid_R007_C017,22.945734798939913,120.19555813509632,鹽埕圖書館,22.967195,120.187566,3.1906999999999996,5.4766666666666675,osrm_driving
grid_R007_C018,22.945783929595787,120.20530821779823,林森圖書館,22.986591,120.223125,9.9823,25.2,osrm_driving
grid_R007_C019,22.945832461276524,120.21505832712404,林森圖書館,22.986591,120.223125,6.1268,8.901666666666667,osrm_driving
grid_R007_C020,22.945880393975532,120.2248084627472,林森圖書館,22.986591,120.223125,7.0928,9.795,osrm_driving
grid_R007_C021,22.94592772768628,120.2345586243412,仁德區圖書館,22.972232,120.253105,5.1983999999999995,9.285,osrm_driving
grid_R007_C022,22.94597446240235,120.24430881157949,仁德區圖書館,22.972232,120.253105,3.6464,6.291666666666667,osrm_driving
grid_R007_C023,22.946020598117386,120.2540590241355,仁德區圖書館,22.972232,120.253105,3.2956,4.725,osrm_driving
grid_R007_C024,22.946066134825113,120.26380926168272,仁德區圖書館,22.972232,120.253105,3.6873,5.681666666666667,osrm_driving
grid_R007_C025,22.94611107251935,120.2735595238945,仁德區圖書館,22.972232,120.253105,5.9285,7.996666666666667,osrm_driving
grid_R007_C026,22.94615541119399,120.2833098104444,歸仁區圖書館,22.971948,120.297439,4.4848,8.796666666666665,osrm_driving
grid_R007_C027,22.946199150843004,120.29306012100574,歸仁區圖書館,22.971948,120.297439,4.671,8.626666666666667,osrm_driving
grid_R007_C028,22.946242291460447,120.302810455252,歸仁區圖書館,22.971948,120.297439,7.0628,12.661666666666669,osrm_driving
grid_R007_C029,22.946284833040455,120.3125608128566,歸仁區圖書館,22.971948,120.297439,4.0315,7.551666666666667,osrm_driving
grid_R007_C030,22.94632677557725,120.32231119349294,關廟區圖書館,22.960055,120.324203,2.8078000000000003,5.525,osrm_driving
grid_R007_C031,22.946368119065134,120.33206159683444,關廟區圖書館,22.960055,120.324203,1.9735,2.5833333333333335,osrm_driving
grid_R007_C032,22.94640886349848,120.34181202255452,龍崎區圖書館,22.964715,120.359274,4.9065,10.191666666666666,osrm_driving
grid_R007_C033,22.94644900887176,120.35156247032654,關廟區圖書館,22.960055,120.324203,4.2398,11.763333333333332,osrm_driving
grid_R007_C034,22.94648855517951,120.36131293982396,龍崎區圖書館,22.964715,120.359274,4.0795,6.38,osrm_driving
grid_R007_C035,22.94652750241636,120.37106343072011,龍崎區圖書館,22.964715,120.359274,4.4414,9.666666666666666,osrm_driving
grid_R007_C036,22.946565850577024,120.38081394268843,龍崎區圖書館,22.964715,120.359274,3.7472,6.9,osrm_driving
grid_R007_C037,22.946603599656267,120.3905644754023,龍崎區圖書館,22.964715,120.359274,4.8338,6.555000000000001,osrm_driving
grid_R007_C038,22.946640749648974,120.40031502853508,龍崎區圖書館,22.964715,120.359274,5.271,6.808333333333334,osrm_driving
grid_R007_C039,22.94667730055011,120.41006560176017,龍崎區圖書館,22.964715,120.359274,6.395899999999999,8.036666666666667,osrm_driving
grid_R007_C040,22.946713252354684,120.41981619475092,龍崎區圖書館,22.964715,120.359274,7.5089,9.251666666666669,osrm_driving
grid_R007_C041,22.946748605057817,120.4295668071807,龍崎區圖書館,22.964715,120.359274,9.1433,12.775,osrm_driving
grid_R008_C014,22.954613646232445,120.16625272355397,鹽埕圖書館,22.967195,120.187566,2.6052,4.743333333333334,osrm_driving
grid_R008_C015,22.954664596054076,120.17600337128648,鹽埕圖書館,22.967195,120.187566,2.9228,6.793333333333334,osrm_driving
grid_R008_C016,22.954714946658825,120.18575404663068,喜樹圖書館,22.940384,120.17836,1.9529,2.5383333333333336,osrm_driving
grid_R008_C017,22.95476469803983,120.19550474925992,鹽埕圖書館,22.967195,120.187566,2.1906,3.91,osrm_driving
grid_R008_C018,22.954813850190344,120.20525547884752,林森圖書館,22.986591,120.223125,8.9019,20.876666666666665,osrm_driving
grid_R008_C019,22.954862403103675,120.21500623506697,林森圖書館,22.986591,120.223125,5.3763000000000005,7.866666666666666,osrm_driving
grid_R008_C020,22.954910356773233,120.22475701759151,林森圖書館,22.986591,120.223125,5.5713,10.266666666666667,osrm_driving
grid_R008_C021,22.954957711192495,120.2345078260946,裕文圖書館,22.98206,120.245317,3.8097,6.245,osrm_driving
grid_R008_C022,22.95500446635503,120.24425866024956,仁德區圖書館,22.972232,120.253105,3.3762,5.461666666666667,osrm_driving
grid_R008_C023,22.95505062225448,120.25400951972972,仁德區圖書館,22.972232,120.253105,2.2738,3.44,osrm_driving
grid_R008_C024,22.95509617888457,120.26376040420848,仁德區圖書館,22.972232,120.253105,2.7854,4.161666666666666,osrm_driving
grid_R008_C025,22.955141136239114,120.27351131335912,仁德區圖書館,22.972232,120.253105,3.6446,4.578333333333333,osrm_driving
grid_R008_C026,22.955185494312,120.28326224685506,歸仁區圖書館,22.971948,120.297439,2.8350999999999997,5.003333333333333,osrm_driving
grid_R008_C027,22.95522925309719,120.29301320436954,歸仁區圖書館,22.971948,120.297439,2.6514,4.175,osrm_driving
grid_R008_C028,22.955272412588755,120.30276418557597,歸仁區圖書館,22.971948,120.297439,2.1509,3.2916666666666665,osrm_driving
grid_R008_C029,22.955314972780812,120.31251519014762,關廟區圖書館,22.960055,120.324203,2.1357,5.39,osrm_driving
grid_R008_C030,22.955356933667584,120.32226621775784,關廟區圖書館,22.960055,120.324203,0.7393,1.88,osrm_driving
grid_R008_C031,22.955398295243373,120.33201726807992,關廟區圖書館,22.960055,120.324203,1.2791,2.533333333333333,osrm_driving
grid_R008_C032,22.95543905750254,120.3417683407872,關廟區圖書館,22.960055,120.324203,2.1599,4.738333333333333,osrm_driving
grid_R008_C033,22.955479220439564,120.351519435553,關廟區圖書館,22.960055,120.324203,10.320799999999998,14.378333333333334,osrm_driving
grid_R008_C034,22.955518784048976,120.36127055205056,龍崎區圖書館,22.964715,120.359274,3.7782,7.758333333333334,osrm_driving
grid_R008_C035,22.955557748325404,120.3710216899532,龍崎區圖書館,22.964715,120.359274,2.5214000000000003,4.944999999999999,osrm_driving
grid_R008_C036,22.955596113263542,120.38077284893426,龍崎區圖書館,22.964715,120.359274,2.6940999999999997,3.993333333333333,osrm_driving
grid_R008_C037,22.95563387885819,120.39052402866696,龍崎區圖書館,22.964715,120.359274,5.6857,10.07,osrm_driving
grid_R008_C038,22.955671045104207,120.40027522882468,龍崎區圖書館,22.964715,120.359274,6.7829,9.98,osrm_driving
grid_R008_C039,22.955707611996537,120.4100264490806,龍崎區圖書館,22.964715,120.359274,7.2731,13.065,osrm_driving
grid_R008_C040,22.95574357953021,120.41977768910806,龍崎區圖書館,22.964715,120.359274,8.455200000000001,12.488333333333332,osrm_driving
grid_R008_C041,22.955778947700345,120.42952894858033,龍崎區圖書館,22.964715,120.359274,9.5031,12.318333333333332,osrm_driving
grid_R008_C042,22.95581371650213,120.43928022717064,南化區圖書館,23.045724,120.480301,14.564,22.278333333333332,osrm_driving
grid_R009_C013,22.96359189729852,120.1564461021961,鹽埕圖書館,22.967195,120.187566,3.5871,6.345,osrm_driving
grid_R009_C014,22.96364346887577,120.16619736917028,鹽埕圖書館,22.967195,120.187566,3.1849000000000003,6.293333333333334,osrm_driving
grid_R009_C015,22.96369444098099,120.17594866409098,鹽埕圖書館,22.967195,120.187566,1.4309,3.4866666666666664,osrm_driving
grid_R009_C016,22.963744813607267,120.18569998663146,鹽埕圖書館,22.967195,120.187566,0.6648999999999999,1.8033333333333337,osrm_driving
grid_R009_C017,22.963794586747746,120.19545133646508,鹽埕圖書館,22.967195,120.187566,1.1884,2.1733333333333333,osrm_driving
grid_R009_C018,22.96384376039564,120.2052027132651,林森圖書館,22.986591,120.223125,7.521199999999999,15.298333333333334,osrm_driving
grid_R009_C019,22.963892334544305,120.21495411670476,林森圖書館,22.986591,120.223125,6.302,10.365,osrm_driving
grid_R009_C020,22.963940309187112,120.22470554645734,林森圖書館,22.986591,120.223125,3.441,5.89,osrm_driving
grid_R009_C021,22.963987684317555,120.23445700219617,林森圖書館,22.986591,120.223125,3.2815,5.965,osrm_driving
grid_R009_C022,22.964034459929184,120.2442084835944,仁德區圖書館,22.972232,120.253105,1.506,3.4766666666666666,osrm_driving
grid_R009_C023,22.964080636015645,120.25395999032536,仁德區圖書館,22.972232,120.253105,1.108,1.725,osrm_driving
grid_R009_C024,22.964126212570665,120.26371152206234,仁德區圖書館,22.972232,120.253105,1.8869,3.355,osrm_driving
grid_R009_C025,22.964171189588047,120.27346307847849,仁德區圖書館,22.972232,120.253105,2.6035999999999997,4.1466666666666665,osrm_driving
grid_R009_C026,22.96421556706167,120.28321465924712,歸仁區圖書館,22.971948,120.297439,2.4134,4.151666666666666,osrm_driving
grid_R009_C027,22.96425934498552,120.29296626404144,歸仁區圖書館,22.971948,120.297439,1.278,2.4583333333333335,osrm_driving
grid_R009_C028,22.964302523353627,120.30271789253467,歸仁區圖書館,22.971948,120.297439,1.0824,1.6716666666666666,osrm_driving
grid_R009_C029,22.964345102160124,120.31246954440007,關廟區圖書館,22.960055,120.324203,1.3622999999999998,2.1016666666666666,osrm_driving
grid_R009_C030,22.96438708139924,120.32222121931083,關廟區圖書館,22.960055,120.324203,0.9399,2.783333333333333,osrm_driving
grid_R009_C031,22.964428461065257,120.33197291694024,關廟區圖書館,22.960055,120.324203,1.369,2.4766666666666666,osrm_driving
grid_R009_C032,22.96446924115255,120.34172463696142,關廟區圖書館,22.960055,120.324203,2.2149,3.705,osrm_driving
grid_R009_C033,22.964509421655578,120.35147637904764,龍崎區圖書館,22.964715,120.359274,3.4486,11.768333333333334,osrm_driving
grid_R009_C034,22.964549002568877,120.36122814287206,龍崎區圖書館,22.964715,120.359274,0.2608,0.8766666666666667,osrm_driving
grid_R009_C035,22.96458798388707,120.37097992810791,龍崎區圖書館,22.964715,120.359274,1.5465,3.03,osrm_driving
grid_R009_C036,22.964626365604857,120.3807317344284,龍崎區圖書館,22.964715,120.359274,3.4947,5.96,osrm_driving
grid_R009_C037,22.964664147717023,120.39048356150673,龍崎區圖書館,22.964715,120.359274,6.1356,8.803333333333335,osrm_driving
grid_R009_C038,22.96470133021843,120.40023540901603,龍崎區圖書館,22.964715,120.359274,7.6294,11.266666666666667,osrm_driving
grid_R009_C039,22.96473791310402,120.40998727662952,龍崎區圖書館,22.964715,120.359274,7.7556,11.298333333333334,osrm_driving
grid_R009_C040,22.964773896368825,120.4197391640204,龍崎區圖書館,22.964715,120.359274,8.7785,12.046666666666663,osrm_driving
grid_R009_C041,22.964809280007955,120.42949107086184,龍崎區圖書館,22.964715,120.359274,9.9094,16.515,osrm_driving
grid_R009_C042,22.964844064016592,120.43924299682698,龍崎區圖書館,22.964715,120.359274,11.3591,15.193333333333332,osrm_driving
grid_R010_C013,22.972621686989584,120.15639007235932,安平區圖書館,22.994821,120.168056,4.1678999999999995,9.318333333333332,osrm_driving
grid_R010_C014,22.97267328111538,120.16614198684007,安平區圖書館,22.994821,120.168056,3.9531,9.4,osrm_driving
grid_R010_C015,22.972724275507055,120.17589392927562,鹽埕圖書館,22.967195,120.187566,1.9167,4.293333333333334,osrm_driving
grid_R010_C016,22.97277467015769,120.18564589933916,鹽埕圖書館,22.967195,120.187566,0.8695,2.6,osrm_driving
grid_R010_C017,22.97282446506043,120.19539789670388,鹽埕圖書館,22.967195,120.187566,1.4302,2.57,osrm_driving
grid_R010_C018,22.972873660208503,120.20514992104296,中西區圖書館,22.992069,120.203801,2.5104,4.805000000000001,osrm_driving
grid_R010_C019,22.972922255595225,120.2149019720296,林森圖書館,22.986591,120.223125,2.9639,3.845,osrm_driving
grid_R010_C020,22.97297025121399,120.22465404933698,林森圖書館,22.986591,120.223125,2.228,3.146666666666667,osrm_driving
grid_R010_C021,22.97301764705828,120.23440615263824,林森圖書館,22.986591,120.223125,2.4052,4.863333333333333,osrm_driving
grid_R010_C022,22.973064443121636,120.24415828160654,仁德區圖書館,22.972232,120.253105,1.2119000000000002,2.8800000000000003,osrm_driving
grid_R010_C023,22.973110639397714,120.25391043591506,仁德區圖書館,22.972232,120.253105,0.3261,0.94,osrm_driving
grid_R010_C024,22.973156235880225,120.26366261523698,仁德區圖書館,22.972232,120.253105,1.3557,2.385,osrm_driving
grid_R010_C025,22.973201232562975,120.2734148192454,仁德區圖書館,22.972232,120.253105,2.5826,3.675,osrm_driving
grid_R010_C026,22.97324562943984,120.28316704761347,歸仁區圖書館,22.971948,120.297439,1.4973,3.693333333333334,osrm_driving
grid_R010_C027,22.973289426504795,120.2929193000144,歸仁區圖書館,22.971948,120.297439,0.4941,1.2183333333333333,osrm_driving
grid_R010_C028,22.97333262375188,120.30267157612124,歸仁區圖書館,22.971948,120.297439,1.1513,3.5633333333333335,osrm_driving
grid_R010_C029,22.97337522117523,120.31242387560717,關廟區圖書館,22.960055,120.324203,3.9374,7.643333333333333,osrm_driving
grid_R010_C030,22.973417218769047,120.32217619814529,關廟區圖書館,22.960055,120.324203,1.9655,3.2116666666666664,osrm_driving
grid_R010_C031,22.97345861652762,120.33192854340872,關廟區圖書館,22.960055,120.324203,2.4776,5.668333333333334,osrm_driving
grid_R010_C032,22.97349941444533,120.3416809110706,關廟區圖書館,22.960055,120.324203,3.0841,6.91,osrm_driving
grid_R010_C033,22.97353961251662,120.35143330080405,龍崎區圖書館,22.964715,120.359274,2.5133,4.33,osrm_driving
grid_R010_C034,22.973579210736048,120.36118571228214,龍崎區圖書館,22.964715,120.359274,1.1534,2.1083333333333334,osrm_driving
grid_R010_C035,22.9736182090982,120.370938145178,龍崎區圖書館,22.964715,120.359274,2.0182,3.44,osrm_driving
grid_R010_C036,22.973656607597793,120.38069059916477,龍崎區圖書館,22.964715,120.359274,3.9784,7.53,osrm_driving
grid_R010_C037,22.973694406229612,120.39044307391543,龍崎區圖書館,22.964715,120.359274,5.5701,10.033333333333331,osrm_driving
grid_R010_C038,22.973731604988497,120.4001955691032,龍崎區圖書館,22.964715,120.359274,9.2154,16.573333333333334,osrm_driving
grid_R010_C039,22.97376820386941,120.40994808440108,龍崎區圖書館,22.964715,120.359274,8.7561,12.883333333333333,osrm_driving
grid_R010_C040,22.97380420286737,120.4197006194822,龍崎區圖書館,22.964715,120.359274,9.0716,14.781666666666666,osrm_driving
grid_R010_C041,22.973839601977485,120.42945317401964,龍崎區圖書館,22.964715,120.359274,11.216,21.74,osrm_driving
grid_R010_C042,22.973874401194937,120.43920574768644,南化區圖書館,23.045724,120.480301,14.3935,17.006666666666668,osrm_driving
grid_R010_C043,22.973908600515003,120.44895834015573,南化區圖書館,23.045724,120.480301,13.0063,14.771666666666668,osrm_driving
grid_R011_C012,22.98159924960437,120.1465814802168,安平區圖書館,22.994821,120.168056,3.5997,9.81,osrm_driving
grid_R011_C013,22.98165146627083,120.15633401424095,安平區圖書館,22.994821,120.168056,2.4924,4.816666666666666,osrm_driving
grid_R011_C014,22.981703082948076,120.16608657655507,安平區圖書館,22.994821,120.168056,2.1795,4.903333333333333,osrm_driving
grid_R011_C015,22.98175409962908,120.17583916683228,安平區圖書館,22.994821,120.168056,2.8516,6.275,osrm_driving
grid_R011_C016,22.98180451630692,120.18559178474568,鹽埕圖書館,22.967195,120.187566,2.0057,3.441666666666667,osrm_driving
grid_R011_C017,22.981854332974727,120.19534442996832,中西區圖書館,22.992069,120.203801,2.0889,3.5316666666666667,osrm_driving
grid_R011_C018,22.981903549625734,120.20509710217333,中西區圖書館,22.992069,120.203801,1.7213,3.0416666666666665,osrm_driving
grid_R011_C019,22.981952166253254,120.21484980103374,林森圖書館,22.986591,120.223125,1.6606,2.9833333333333334,osrm_driving
grid_R011_C020,22.98200018285068,120.2246025262227,林森圖書館,22.986591,120.223125,0.8031,1.735,osrm_driving
grid_R011_C021,22.982047599411473,120.23435527741324,林森圖書館,22.986591,120.223125,1.6508,3.161666666666666,osrm_driving
grid_R011_C022,22.982094415929208,120.24410805427848,裕文圖書館,22.98206,120.245317,0.1928,0.6316666666666666,osrm_driving
grid_R011_C023,22.982140632397492,120.2538608564914,仁德區圖書館,22.972232,120.253105,1.6918,2.8916666666666666,osrm_driving
grid_R011_C024,22.982186248810063,120.2636136837251,仁德區圖書館,22.972232,120.253105,2.258,4.875,osrm_driving
grid_R011_C025,22.982231265160713,120.27336653565264,仁德區圖書館,22.972232,120.253105,3.681,5.026666666666667,osrm_driving
grid_R011_C026,22.982275681443323,120.28311941194706,歸仁區圖書館,22.971948,120.297439,3.1367,8.646666666666667,osrm_driving
grid_R011_C027,22.982319497651854,120.29287231228142,歸仁區圖書館,22.971948,120.297439,1.3056,1.83,osrm_driving
grid_R011_C028,22.98236271378036,120.30262523632872,歸仁區圖書館,22.971948,120.297439,1.4196,4.451666666666667,osrm_driving
grid_R011_C029,22.982405329822942,120.31237818376202,關廟區圖書館,22.960055,120.324203,4.0470999999999995,6.071666666666667,osrm_driving
grid_R011_C030,22.982447345773828,120.32213115425438,關廟區圖書館,22.960055,120.324203,3.1934,8.51,osrm_driving
grid_R011_C031,22.982488761627295,120.33188414747876,關廟區圖書館,22.960055,120.324203,2.9949,5.316666666666666,osrm_driving
grid_R011_C032,22.98252957737772,120.34163716310825,關廟區圖書館,22.960055,120.324203,3.5241,7.69,osrm_driving
grid_R011_C033,22.982569793019547,120.3513902008158,龍崎區圖書館,22.964715,120.359274,3.699,6.233333333333333,osrm_driving
grid_R011_C034,22.98260940854731,120.36114326027445,龍崎區圖書館,22.964715,120.359274,2.9012,6.166666666666667,osrm_driving
grid_R011_C035,22.982648423955624,120.3708963411572,龍崎區圖書館,22.964715,120.359274,3.362,6.1850000000000005,osrm_driving
grid_R011_C036,22.982686839239182,120.3806494431371,龍崎區圖書館,22.964715,120.359274,4.1683,7.673333333333333,osrm_driving
grid_R011_C037,22.982724654392776,120.39040256588709,龍崎區圖書館,22.964715,120.359274,5.387,8.596666666666666,osrm_driving
grid_R011_C038,22.98276186941125,120.4001557090802,龍崎區圖書館,22.964715,120.359274,7.8003,14.81,osrm_driving
grid_R011_C039,22.982798484289543,120.40990887238942,龍崎區圖書館,22.964715,120.359274,8.781,13.735,osrm_driving
grid_R011_C040,22.982834499022683,120.4196620554877,龍崎區圖書館,22.964715,120.359274,10.0213,16.423333333333332,osrm_driving
grid_R011_C041,22.982869913605786,120.42941525804808,南化區圖書館,23.045724,120.480301,17.3007,22.105,osrm_driving
grid_R011_C042,22.982904728034004,120.43916847974349,南化區圖書館,23.045724,120.480301,16.1414,19.195,osrm_driving
grid_R011_C043,22.982938942302635,120.44892172024691,南化區圖書館,23.045724,120.480301,14.6204,17.029999999999998,osrm_driving
grid_R011_C044,22.98297255640701,120.45867497923136,南化區圖書館,23.045724,120.480301,8.4497,11.3,osrm_driving
grid_R012_C011,22.990576155928853,120.13677159210586,安平區圖書館,22.994821,120.168056,4.0311,7.313333333333333,osrm_driving
grid_R012_C012,22.990628995656103,120.14652474565656,安平區圖書館,22.994821,120.168056,4.462899999999999,8.385,osrm_driving
grid_R012_C013,22.990681235139075,120.15627792783262,安平區圖書館,22.994821,120.168056,2.5486,5.428333333333333,osrm_driving
grid_R012_C014,22.99073287437068,120.16603113830702,安平區圖書館,22.994821,120.168056,0.6676,1.788333333333333,osrm_driving
grid_R012_C015,22.99078391334389,120.1757843767528,安平區圖書館,22.994821,120.168056,1.2682,2.521666666666667,osrm_driving
grid_R012_C016,22.99083435205176,120.18553764284287,中西區圖書館,22.992069,120.203801,2.3756999999999997,3.9383333333333335,osrm_driving
grid_R012_C017,22.99088419048745,120.19529093625036,中西區圖書館,22.992069,120.203801,1.1756,2.08,osrm_driving
grid_R012_C018,22.99093342864416,120.2050442566482,中西區圖書館,22.992069,120.203801,0.4793,1.11,osrm_driving
grid_R012_C019,22.99098206651522,120.21479760370934,林森圖書館,22.986591,120.223125,1.4147,2.7066666666666666,osrm_driving
grid_R012_C020,22.99103010409399,120.22455097710684,林森圖書館,22.986591,120.223125,0.6601,1.73,osrm_driving
grid_R012_C021,22.991077541373983,120.2343043765136,林森圖書館,22.986591,120.223125,2.0984000000000003,3.91,osrm_driving
grid_R012_C022,22.991124378348708,120.24405780160264,裕文圖書館,22.98206,120.245317,1.1039,2.4516666666666667,osrm_driving
grid_R012_C023,22.991170615011814,120.25381125204692,裕文圖書館,22.98206,120.245317,1.8862,3.4650000000000003,osrm_driving
grid_R012_C024,22.99121625135702,120.26356472751938,仁德區圖書館,22.972232,120.253105,2.8429,4.818333333333333,osrm_driving
grid_R012_C025,22.9912612873781,120.273318227693,仁德區圖書館,22.972232,120.253105,3.9288,6.819999999999999,osrm_driving
grid_R012_C026,22.99130572306896,120.2830717522407,歸仁區圖書館,22.971948,120.297439,3.7437,5.4766666666666675,osrm_driving
grid_R012_C027,22.99134955842354,120.29282530083546,歸仁區圖書館,22.971948,120.297439,2.3036,2.95,osrm_driving
grid_R012_C028,22.99139279343588,120.3025788731502,歸仁區圖書館,22.971948,120.297439,3.5046,4.796666666666667,osrm_driving
grid_R012_C029,22.99143542810011,120.31233246885787,歸仁區圖書館,22.971948,120.297439,5.4821,9.943333333333332,osrm_driving
grid_R012_C030,22.991477462410423,120.32208608763143,歸仁區圖書館,22.971948,120.297439,6.1671000000000005,10.433333333333334,osrm_driving
grid_R012_C031,22.99151889636112,120.33183972914377,歸仁區圖書館,22.971948,120.297439,7.9479,17.511666666666667,osrm_driving
grid_R012_C032,22.991559729946555,120.3415933930678,龍崎區圖書館,22.964715,120.359274,5.0423,9.666666666666666,osrm_driving
grid_R012_C033,22.99159996316118,120.35134707907646,龍崎區圖書館,22.964715,120.359274,5.1583000000000006,10.46,osrm_driving
grid_R012_C034,22.99163959599952,120.36110078684266,龍崎區圖書館,22.964715,120.359274,4.6741,10.208333333333334,osrm_driving
grid_R012_C035,22.991678628456192,120.37085451603932,龍崎區圖書館,22.964715,120.359274,5.7541,10.076666666666666,osrm_driving
grid_R012_C036,22.99171706052589,120.38060826633937,龍崎區圖書館,22.964715,120.359274,5.0555,13.49,osrm_driving
grid_R012_C037,22.991754892203385,120.39036203741566,龍崎區圖書館,22.964715,120.359274,6.8445,12.125,osrm_driving
grid_R012_C038,22.99179212348353,120.40011582894113,龍崎區圖書館,22.964715,120.359274,7.5977,11.88,osrm_driving
grid_R012_C039,22.991828754361276,120.40986964058862,龍崎區圖書館,22.964715,120.359274,8.1409,12.653333333333334,osrm_driving
grid_R012_C040,22.991864784831627,120.4196234720311,龍崎區圖書館,22.964715,120.359274,10.6378,22.040000000000003,osrm_driving
grid_R012_C041,22.99190021488969,120.42937732294143,南化區圖書館,23.045724,120.480301,17.357400000000002,21.33,osrm_driving
grid_R012_C042,22.99193504453065,120.43913119299246,左鎮區圖書館,23.056394,120.408727,11.8622,21.006666666666668,osrm_driving
grid_R012_C043,22.991969273749767,120.44888508185709,南化區圖書館,23.045724,120.480301,9.4722,21.59333333333333,osrm_driving
grid_R012_C044,22.99200290254239,120.4586389892082,南化區圖書館,23.045724,120.480301,7.755,10.365,osrm_driving
grid_R013_C010,22.999552405171652,120.12696040738967,安平區圖書館,22.994821,120.168056,6.0664,13.003333333333334,osrm_driving
grid_R013_C011,22.999605868479808,120.1367141804499,安平區圖書館,22.994821,120.168056,5.5828999999999995,11.028333333333334,osrm_driving
grid_R013_C012,22.999658731288697,120.146467982471,安平區圖書館,22.994821,120.168056,3.484,6.596666666666667,osrm_driving
grid_R013_C013,22.99971099359113,120.15622181312592,安平區圖書館,22.994821,120.168056,2.9479,6.043333333333334,osrm_driving
grid_R013_C014,22.99976265537999,120.16597567208758,安平區圖書館,22.994821,120.168056,1.1482,2.5316666666666667,osrm_driving
grid_R013_C015,22.999813716648266,120.17572955902892,安平區圖書館,22.994821,120.168056,1.5697,3.381666666666667,osrm_driving
grid_R013_C016,22.99986417738903,120.18548347362275,中西區圖書館,22.992069,120.203801,2.4965,5.083333333333333,osrm_driving
grid_R013_C017,22.999914037595392,120.1952374155421,中西區圖書館,22.992069,120.203801,1.6984,3.0966666666666667,osrm_driving
grid_R013_C018,22.99996329726059,120.20499138445976,中西區圖書館,22.992069,120.203801,1.0732000000000002,2.4650000000000003,osrm_driving
grid_R013_C019,23.00001195637792,120.21474538004864,市圖總館（公園總館）,23.004016,120.212445,1.2372999999999998,3.54,osrm_driving
grid_R013_C020,23.00006001494077,120.22449940198167,林森圖書館,22.986591,120.223125,1.65,3.115,osrm_driving
grid_R013_C021,23.00010747294261,120.2342534499317,市圖總館（公園總館）,23.004016,120.212445,2.8356,4.973333333333333,osrm_driving
grid_R013_C022,23.00015433037698,120.2440075235716,裕文圖書館,22.98206,120.245317,2.6329,5.953333333333333,osrm_driving
grid_R013_C023,23.000200587237504,120.25376162257426,永康區圖書館,23.018985,120.25988,3.2206,5.933333333333334,osrm_driving
grid_R013_C024,23.000246243517903,120.26351574661253,永康區圖書館,23.018985,120.25988,2.8973,5.278333333333333,osrm_driving
grid_R013_C025,23.00029129921197,120.27326989535923,永康區圖書館,23.018985,120.25988,2.9515,5.1016666666666675,osrm_driving
grid_R013_C026,23.000335754313568,120.2830240684873,歸仁區圖書館,22.971948,120.297439,4.594600000000001,6.180000000000001,osrm_driving
grid_R013_C027,23.00037960881666,120.29277826566954,歸仁區圖書館,22.971948,120.297439,4.134,6.883333333333334,osrm_driving
grid_R013_C028,23.00042286271528,120.30253248657876,歸仁區圖書館,22.971948,120.297439,4.6343000000000005,8.28,osrm_driving
grid_R013_C029,23.00046551600356,120.31228673088788,新化區圖書館,23.038088,120.310581,5.175,8.865,osrm_driving
grid_R013_C030,23.00050756867568,120.32204099826969,新化區圖書館,23.038088,120.310581,5.4962,11.273333333333332,osrm_driving
grid_R013_C031,23.000549020725927,120.33179528839702,新化區圖書館,23.038088,120.310581,6.0746,11.08,osrm_driving
grid_R013_C032,23.000589872148677,120.34154960094268,新化區圖書館,23.038088,120.310581,6.3586,10.311666666666667,osrm_driving
grid_R013_C033,23.00063012293836,120.35130393557957,新化區圖書館,23.038088,120.310581,7.5756,14.4,osrm_driving
grid_R013_C034,23.000669773089513,120.3610582919804,龍崎區圖書館,22.964715,120.359274,5.2907,16.078333333333333,osrm_driving
grid_R013_C035,23.00070882259674,120.37081266981806,龍崎區圖書館,22.964715,120.359274,7.0267,11.645,osrm_driving
grid_R013_C036,23.00074727145474,120.38056706876534,龍崎區圖書館,22.964715,120.359274,6.1213999999999995,22.743333333333332,osrm_driving
grid_R013_C037,23.000785119658268,120.39032148849503,龍崎區圖書館,22.964715,120.359274,9.4375,17.571666666666665,osrm_driving
grid_R013_C038,23.00082236720219,120.40007592867995,龍崎區圖書館,22.964715,120.359274,7.5087,13.83,osrm_driving
grid_R013_C039,23.000859014081435,120.40983038899294,龍崎區圖書館,22.964715,120.359274,10.556299999999998,18.53666666666667,osrm_driving
grid_R013_C040,23.00089506029103,120.41958486910669,左鎮區圖書館,23.056394,120.408727,8.682799999999999,19.586666666666662,osrm_driving
grid_R013_C041,23.000930505826062,120.42933936869407,左鎮區圖書館,23.056394,120.408727,9.9892,19.39333333333333,osrm_driving
grid_R013_C042,23.000965350681714,120.43909388742784,左鎮區圖書館,23.056394,120.408727,10.7773,19.148333333333333,osrm_driving
grid_R013_C043,23.00099959485326,120.4488484249808,南化區圖書館,23.045724,120.480301,8.2627,15.586666666666668,osrm_driving
grid_R013_C044,23.00103323833602,120.45860298102568,南化區圖書館,23.045724,120.480301,7.2725,11.611666666666668,osrm_driving
grid_R013_C045,23.001066281125432,120.46835755523531,南化區圖書館,23.045724,120.480301,6.0375,5.87,osrm_driving
grid_R013_C046,23.001098723217012,120.47811214728246,南化區圖書館,23.045724,120.480301,8.4936,22.291666666666668,osrm_driving
grid_R014_C009,23.00852799654128,120.11714792543152,土城圖書館,23.066305,120.126709,8.324399999999999,15.126666666666669,osrm_driving
grid_R014_C010,23.008582083950476,120.12690231798396,安平區圖書館,22.994821,120.168056,6.2524,13.685,osrm_driving
grid_R014_C011,23.008635570605453,120.13665673983304,土城圖書館,23.066305,120.126709,8.2514,16.868333333333332,osrm_driving
grid_R014_C012,23.008688456498955,120.14641119065162,台江文化中心圖書館,23.045984,120.188233,7.3534,16.76,osrm_driving
grid_R014_C013,23.00874074162378,120.1561656701125,安南圖書館,23.047222,120.18481,7.4635,16.818333333333335,osrm_driving
grid_R014_C014,23.00879242597282,120.16592017788854,安南圖書館,23.047222,120.18481,6.488899999999999,12.921666666666663,osrm_driving
grid_R014_C015,23.008843509539055,120.17567471365248,中西區圖書館,22.992069,120.203801,5.1391,9.635,osrm_driving
grid_R014_C016,23.008893992315535,120.18542927707718,中西區圖書館,22.992069,120.203801,3.3049,5.776666666666667,osrm_driving
grid_R014_C017,23.00894387429539,120.19518386783544,中西區圖書館,22.992069,120.203801,2.983,5.048333333333333,osrm_driving
grid_R014_C018,23.00899315547184,120.20493848560004,市圖總館（公園總館）,23.004016,120.212445,1.3375,3.0133333333333336,osrm_driving
grid_R014_C019,23.009041835838197,120.2146931300438,市圖總館（公園總館）,23.004016,120.212445,1.0432,2.595,osrm_driving
grid_R014_C020,23.00908991538782,120.2244478008395,市圖總館（公園總館）,23.004016,120.212445,1.5419,2.985,osrm_driving
grid_R014_C021,23.00913739411418,120.23420249765992,市圖總館（公園總館）,23.004016,120.212445,3.0841,4.8966666666666665,osrm_driving
grid_R014_C022,23.009184272010827,120.24395722017782,市圖總館（新總館）,23.024401,120.238004,3.0157,6.748333333333333,osrm_driving
grid_R014_C023,23.00923054907138,120.253711968066,永康區圖書館,23.018985,120.25988,2.0845,6.413333333333333,osrm_driving
grid_R014_C024,23.00927622528955,120.26346674099716,永康區圖書館,23.018985,120.25988,1.6102,3.2616666666666663,osrm_driving
grid_R014_C025,23.009321300659128,120.27322153864418,永康區圖書館,23.018985,120.25988,2.6799,5.551666666666667,osrm_driving
grid_R014_C026,23.009365775173983,120.28297636067973,永康區圖書館,23.018985,120.25988,4.037,8.241666666666667,osrm_driving
grid_R014_C027,23.009409648828058,120.29273120677657,新化區圖書館,23.038088,120.310581,5.160399999999999,8.879999999999999,osrm_driving
grid_R014_C028,23.0094529216154,120.30248607660748,新化區圖書館,23.038088,120.310581,3.8031,12.95,osrm_driving
grid_R014_C029,23.009495593530115,120.31224096984516,新化區圖書館,23.038088,120.310581,3.606,6.036666666666666,osrm_driving
grid_R014_C030,23.0095376645664,120.3219958861624,新化區圖書館,23.038088,120.310581,4.2341999999999995,9.018333333333334,osrm_driving
grid_R014_C031,23.009579134718553,120.33175082523192,新化區圖書館,23.038088,120.310581,4.596,7.42,osrm_driving
grid_R014_C032,23.00962000398091,120.34150578672644,新化區圖書館,23.038088,120.310581,5.7454,10.596666666666666,osrm_driving
grid_R014_C033,23.00966027234793,120.35126077031866,龍崎區圖書館,22.964715,120.359274,7.0543000000000005,14.035,osrm_driving
grid_R014_C034,23.00969993981413,120.36101577568132,新化區圖書館,23.038088,120.310581,7.7057,12.543333333333331,osrm_driving
grid_R014_C035,23.00973900637411,120.3707708024872,新化區圖書館,23.038088,120.310581,7.6788,11.961666666666668,osrm_driving
grid_R014_C036,23.009777472022567,120.3805258504089,新化區圖書館,23.038088,120.310581,8.856399999999999,17.44333333333333,osrm_driving
grid_R014_C037,23.009815336754272,120.39028091911922,龍崎區圖書館,22.964715,120.359274,8.4905,14.61,osrm_driving
grid_R014_C038,23.009852600564063,120.4000360082908,左鎮區圖書館,23.056394,120.408727,8.1493,13.765,osrm_driving
grid_R014_C039,23.009889263446887,120.40979111759638,左鎮區圖書館,23.056394,120.408727,8.2248,15.618333333333334,osrm_driving
grid_R014_C040,23.009925325397745,120.41954624670868,左鎮區圖書館,23.056394,120.408727,7.7355,15.753333333333334,osrm_driving
grid_R014_C041,23.009960786411742,120.42930139530031,左鎮區圖書館,23.056394,120.408727,10.2219,21.323333333333338,osrm_driving
grid_R014_C042,23.00999564648406,120.43905656304403,左鎮區圖書館,23.056394,120.408727,10.1946,21.223333333333336,osrm_driving
grid_R014_C043,23.010029905609944,120.44881174961252,南化區圖書館,23.045724,120.480301,8.2681,16.043333333333333,osrm_driving
grid_R014_C044,23.010063563784747,120.45856695467846,南化區圖書館,23.045724,120.480301,6.5268999999999995,12.378333333333334,osrm_driving
grid_R014_C045,23.01009662100389,120.4683221779145,南化區圖書館,23.045724,120.480301,5.0671,5.346666666666667,osrm_driving
grid_R014_C046,23.010129077262867,120.47807741899332,南化區圖書館,23.045724,120.480301,6.5339,12.591666666666669,osrm_driving
grid_R015_C008,23.017502929246124,120.10733414559452,土城圖書館,23.066305,120.126709,7.8256,16.843333333333334,osrm_driving
grid_R015_C009,23.017557641276493,120.11708915762176,土城圖書館,23.066305,120.126709,7.6392,14.633333333333333,osrm_driving
grid_R015_C010,23.01761175229777,120.12684419928156,土城圖書館,23.066305,120.126709,7.0485,11.771666666666668,osrm_driving
grid_R015_C011,23.017665262302593,120.13659927024672,土城圖書館,23.066305,120.126709,7.0475,12.126666666666669,osrm_driving
grid_R015_C012,23.017718171283686,120.14635437018993,安南圖書館,23.047222,120.18481,7.4961,15.008333333333333,osrm_driving
grid_R015_C013,23.017770479233857,120.15610949878396,台江文化中心圖書館,23.045984,120.188233,8.335799999999999,20.446666666666665,osrm_driving
grid_R015_C014,23.017822186145988,120.16586465570153,台江文化中心圖書館,23.045984,120.188233,7.3339,16.44,osrm_driving
grid_R015_C015,23.01787329201305,120.1756198406153,台江文化中心圖書館,23.045984,120.188233,4.668,6.621666666666667,osrm_driving
grid_R015_C016,23.01792379682809,120.18537505319804,台江文化中心圖書館,23.045984,120.188233,3.9113,5.941666666666666,osrm_driving
grid_R015_C017,23.01797370058425,120.19513029312245,中西區圖書館,22.992069,120.203801,3.9538,6.568333333333333,osrm_driving
grid_R015_C018,23.018023003274735,120.20488556006124,市圖總館（公園總館）,23.004016,120.212445,2.2224,4.995,osrm_driving
grid_R015_C019,23.01807170489284,120.21464085368706,市圖總館（公園總館）,23.004016,120.212445,1.9115,4.295,osrm_driving
grid_R015_C020,23.018119805431947,120.22439617367264,市圖總館（新總館）,23.024401,120.238004,1.9052,5.12,osrm_driving
grid_R015_C021,23.018167304885516,120.23415151969066,市圖總館（新總館）,23.024401,120.238004,1.2574,3.4,osrm_driving
grid_R015_C022,23.01821420324709,120.24390689141376,市圖總館（新總館）,23.024401,120.238004,1.792,4.743333333333334,osrm_driving
grid_R015_C023,23.018260500510273,120.25366228851468,永康區圖書館,23.018985,120.25988,0.8887999999999999,2.7516666666666665,osrm_driving
grid_R015_C024,23.01830619666879,120.26341771066606,永康區圖書館,23.018985,120.25988,0.5872,1.895,osrm_driving
grid_R015_C025,23.018351291716417,120.27317315754055,永康區圖書館,23.018985,120.25988,2.0764,5.395,osrm_driving
grid_R015_C026,23.01839578564703,120.28292862881082,永康區圖書館,23.018985,120.25988,2.6084,6.6850000000000005,osrm_driving
grid_R015_C027,23.018439678454563,120.29268412414956,新化區圖書館,23.038088,120.310581,3.8098,6.85,osrm_driving
grid_R015_C028,23.018482970133057,120.30243964322938,新化區圖書館,23.038088,120.310581,2.9637,7.863333333333333,osrm_driving
grid_R015_C029,23.018525660676623,120.31219518572291,新化區圖書館,23.038088,120.310581,2.5766,4.378333333333333,osrm_driving
grid_R015_C030,23.01856775007946,120.32195075130286,新化區圖書館,23.038088,120.310581,3.0075,4.8983333333333325,osrm_driving
grid_R015_C031,23.01860923833583,120.3317063396418,新化區圖書館,23.038088,120.310581,3.6169,5.883333333333334,osrm_driving
grid_R015_C032,23.018650125440104,120.34146195041242,新化區圖書館,23.038088,120.310581,4.8801000000000005,8.551666666666668,osrm_driving
grid_R015_C033,23.018690411386725,120.35121758328732,新化區圖書館,23.038088,120.310581,5.8913,9.608333333333333,osrm_driving
grid_R015_C034,23.0187300961702,120.3609732379391,新化區圖書館,23.038088,120.310581,6.2999,10.23,osrm_driving
grid_R015_C035,23.018769179785146,120.37072891404044,新化區圖書館,23.038088,120.310581,8.590200000000001,16.305,osrm_driving
grid_R015_C036,23.01880766222623,120.38048461126388,龍崎區圖書館,22.964715,120.359274,9.1743,14.283333333333331,osrm_driving
grid_R015_C037,23.018845543488236,120.3902403292821,左鎮區圖書館,23.056394,120.408727,7.389600000000001,18.146666666666665,osrm_driving
grid_R015_C038,23.018882823566,120.39999606776765,左鎮區圖書館,23.056394,120.408727,7.1716999999999995,13.0,osrm_driving
grid_R015_C039,23.018919502454462,120.40975182639316,左鎮區圖書館,23.056394,120.408727,7.3034,17.376666666666665,osrm_driving
grid_R015_C040,23.018955580148624,120.41950760483124,左鎮區圖書館,23.056394,120.408727,7.1057,15.056666666666668,osrm_driving
grid_R015_C041,23.01899105664359,120.4292634027545,左鎮區圖書館,23.056394,120.408727,10.1254,23.708333333333332,osrm_driving
grid_R015_C042,23.019025931934525,120.43901921983552,左鎮區圖書館,23.056394,120.408727,10.9936,28.91,osrm_driving
grid_R015_C043,23.019060206016693,120.44877505574686,南化區圖書館,23.045724,120.480301,7.6366,21.075,osrm_driving
grid_R015_C044,23.019093878885432,120.45853091016112,南化區圖書館,23.045724,120.480301,8.3455,25.363333333333333,osrm_driving
grid_R015_C045,23.019126950536148,120.46828678275088,南化區圖書館,23.045724,120.480301,4.877,6.989999999999999,osrm_driving
grid_R015_C046,23.019159420964368,120.47804267318872,南化區圖書館,23.045724,120.480301,4.1694,5.535,osrm_driving
grid_R015_C047,23.019191290165654,120.48779858114722,南化區圖書館,23.045724,120.480301,6.3807,12.28,osrm_driving
grid_R015_C048,23.019222558135688,120.49755450629894,南化區圖書館,23.045724,120.480301,24.617,34.208333333333336,osrm_driving
grid_R016_C006,23.02642126406636,120.0877634660538,土城圖書館,23.066305,120.126709,9.9508,21.959999999999997,osrm_driving
grid_R016_C007,23.02647720249447,120.09751906724202,土城圖書館,23.066305,120.126709,7.7081,23.16,osrm_driving
grid_R016_C008,23.026532539666174,120.10727469872631,土城圖書館,23.066305,120.126709,7.321,14.825,osrm_driving
grid_R016_C009,23.026587275573945,120.11703036017936,土城圖書館,23.066305,120.126709,6.615600000000001,11.988333333333332,osrm_driving
grid_R016_C010,23.02664141021036,120.12678605127384,土城圖書館,23.066305,120.126709,5.5823,8.928333333333335,osrm_driving
grid_R016_C011,23.02669494356804,120.13654177168227,安南圖書館,23.047222,120.18481,6.0542,10.293333333333331,osrm_driving
grid_R016_C012,23.026747875639707,120.1462975210774,安南圖書館,23.047222,120.18481,6.7716,13.226666666666668,osrm_driving
grid_R016_C013,23.02680020641816,120.15605329913188,安南圖書館,23.047222,120.18481,5.3996,14.548333333333334,osrm_driving
grid_R016_C014,23.0268519358963,120.16580910551824,台江文化中心圖書館,23.045984,120.188233,5.2111,11.258333333333333,osrm_driving
grid_R016_C015,23.02690306406707,120.17556493990917,台江文化中心圖書館,23.045984,120.188233,3.4242,4.968333333333334,osrm_driving
grid_R016_C016,23.02695359092352,120.18532080197724,台江文化中心圖書館,23.045984,120.188233,2.6262,3.875,osrm_driving
grid_R016_C017,23.027003516458795,120.1950766913951,台江文化中心圖書館,23.045984,120.188233,2.7071,4.108333333333333,osrm_driving
grid_R016_C018,23.02705284066609,120.20483260783534,台江文化中心圖書館,23.045984,120.188233,3.7575,5.614999999999999,osrm_driving
grid_R016_C019,23.0271015635387,120.21458855097056,市圖總館（公園總館）,23.004016,120.212445,3.0601,5.7,osrm_driving
grid_R016_C020,23.02714968507,120.22434452047332,市圖總館（新總館）,23.024401,120.238004,1.9584,5.253333333333333,osrm_driving
grid_R016_C021,23.027197205253447,120.23410051601626,市圖總館（新總館）,23.024401,120.238004,0.7948,2.0766666666666667,osrm_driving
grid_R016_C022,23.027244124082586,120.24385653727192,永康區圖書館,23.018985,120.25988,2.5525,7.558333333333334,osrm_driving
grid_R016_C023,23.027290441551013,120.2536125839129,永康區圖書館,23.018985,120.25988,1.819,4.1066666666666665,osrm_driving
grid_R016_C024,23.02733615765245,120.2633686556118,永康區圖書館,23.018985,120.25988,1.381,4.02,osrm_driving
grid_R016_C025,23.02738127238067,120.27312475204114,永康區圖書館,23.018985,120.25988,2.9865999999999997,5.243333333333334,osrm_driving
grid_R016_C026,23.027425785729537,120.2828808728735,新化區圖書館,23.038088,120.310581,3.6152,8.556666666666667,osrm_driving
grid_R016_C027,23.027469697693,120.29263701778146,新化區圖書館,23.038088,120.310581,2.4006999999999996,3.521666666666667,osrm_driving
grid_R016_C028,23.027513008265096,120.30239318643754,新化區圖書館,23.038088,120.310581,2.6207,6.831666666666666,osrm_driving
grid_R016_C029,23.027555717439917,120.31214937851428,新化區圖書館,23.038088,120.310581,1.2768,2.18,osrm_driving
grid_R016_C030,23.027597825211668,120.32190559368428,新化區圖書館,23.038088,120.310581,1.9917,3.5866666666666664,osrm_driving
grid_R016_C031,23.02763933157461,120.33166183162008,新化區圖書館,23.038088,120.310581,3.1607,5.301666666666667,osrm_driving
grid_R016_C032,23.027680236523107,120.34141809199414,新化區圖書館,23.038088,120.310581,5.543399999999999,12.405,osrm_driving
grid_R016_C033,23.02772054005159,120.35117437447909,新化區圖書館,23.038088,120.310581,5.419899999999999,9.438333333333333,osrm_driving
grid_R016_C034,23.027760242154585,120.36093067874737,新化區圖書館,23.038088,120.310581,6.4161,11.296666666666663,osrm_driving
grid_R016_C035,23.02779934282668,120.37068700447152,新化區圖書館,23.038088,120.310581,7.7718,12.613333333333332,osrm_driving
grid_R016_C036,23.02783784206257,120.38044335132408,左鎮區圖書館,23.056394,120.408727,7.461,17.438333333333333,osrm_driving
grid_R016_C037,23.02787573985701,120.39019971897758,左鎮區圖書館,23.056394,120.408727,6.1972,12.381666666666666,osrm_driving
grid_R016_C038,23.02791303620485,120.39995610710452,左鎮區圖書館,23.056394,120.408727,6.6613999999999995,13.14,osrm_driving
grid_R016_C039,23.02794973110102,120.40971251537738,左鎮區圖書館,23.056394,120.408727,5.3995,14.515,osrm_driving
grid_R016_C040,23.02798582454052,120.4194689434687,左鎮區圖書館,23.056394,120.408727,5.2398,12.176666666666668,osrm_driving
grid_R016_C041,23.028021316518444,120.42922539105092,左鎮區圖書館,23.056394,120.408727,6.5635,19.553333333333335,osrm_driving
grid_R016_C042,23.02805620702997,120.43898185779662,南化區圖書館,23.045724,120.480301,6.8185,16.238333333333333,osrm_driving
grid_R016_C043,23.028090496070345,120.44873834337824,南化區圖書館,23.045724,120.480301,6.950699999999999,16.99,osrm_driving
grid_R016_C044,23.02812418363491,120.45849484746824,南化區圖書館,23.045724,120.480301,4.7817,7.363333333333333,osrm_driving
grid_R016_C045,23.028157269719085,120.46825136973916,南化區圖書館,23.045724,120.480301,2.8876,4.761666666666667,osrm_driving
grid_R016_C046,23.028189754318365,120.47800790986348,南化區圖書館,23.045724,120.480301,3.306,5.948333333333333,osrm_driving
grid_R016_C047,23.02822163742833,120.48776446751364,南化區圖書館,23.045724,120.480301,4.0741,5.608333333333333,osrm_driving
grid_R016_C048,23.028252919044647,120.49752104236212,南化區圖書館,23.045724,120.480301,6.0247,10.005,osrm_driving
grid_R016_C049,23.028283599163064,120.5072776340814,南化區圖書館,23.045724,120.480301,7.853800000000001,15.128333333333334,osrm_driving
grid_R017_C004,23.03533708530251,120.0681902801152,土城圖書館,23.066305,120.126709,8.312299999999999,18.028333333333332,osrm_driving
grid_R017_C005,23.0353942511502,120.07794646944625,土城圖書館,23.066305,120.126709,9.293,20.38,osrm_driving
grid_R017_C006,23.03545081549449,120.08770268973726,土城圖書館,23.066305,120.126709,9.9508,21.959999999999997,osrm_driving
grid_R017_C007,23.035506778327687,120.0974589406608,土城圖書館,23.066305,120.126709,6.6745,19.025,osrm_driving
grid_R017_C008,23.035562139642188,120.10721522188938,土城圖書館,23.066305,120.126709,5.2162,15.373333333333331,osrm_driving
grid_R017_C009,23.035616899430455,120.1169715330956,土城圖書館,23.066305,120.126709,5.5856,10.6,osrm_driving
grid_R017_C010,23.03567105768505,120.12672787395203,土城圖書館,23.066305,120.126709,5.0297,8.261666666666667,osrm_driving
grid_R017_C011,23.035724614398603,120.1364842441312,土城圖書館,23.066305,120.126709,4.7329,7.963333333333334,osrm_driving
grid_R017_C012,23.035777569563823,120.14624064330565,土城圖書館,23.066305,120.126709,5.5954,10.315,osrm_driving
grid_R017_C013,23.035829923173523,120.15599707114788,安南圖書館,23.047222,120.18481,4.0939,7.511666666666667,osrm_driving
grid_R017_C014,23.03588167522057,120.16575352733042,安南圖書館,23.047222,120.18481,3.3008,10.201666666666666,osrm_driving
grid_R017_C015,23.035932825697937,120.17551001152586,台江文化中心圖書館,23.045984,120.188233,2.3053000000000003,6.556666666666667,osrm_driving
grid_R017_C016,23.035983374598644,120.18526652340668,台江文化中心圖書館,23.045984,120.188233,1.3106,2.5633333333333335,osrm_driving
grid_R017_C017,23.036033321915845,120.19502306264538,台江文化中心圖書館,23.045984,120.188233,1.5763,3.795,osrm_driving
grid_R017_C018,23.036082667642724,120.20477962891448,台江文化中心圖書館,23.045984,120.188233,2.1625,4.216666666666667,osrm_driving
grid_R017_C019,23.03613141177259,120.21453622188646,台江文化中心圖書館,23.045984,120.188233,3.3565,6.088333333333334,osrm_driving
grid_R017_C020,23.03617955429879,120.22429284123383,市圖總館（新總館）,23.024401,120.238004,2.3581,6.35,osrm_driving
grid_R017_C021,23.036227095214805,120.23404948662912,市圖總館（新總館）,23.024401,120.238004,1.5728,4.166666666666667,osrm_driving
grid_R017_C022,23.036274034514133,120.24380615774476,市圖總館（新總館）,23.024401,120.238004,2.1515,5.6866666666666665,osrm_driving
grid_R017_C023,23.036320372190424,120.25356285425326,永康區圖書館,23.018985,120.25988,2.6318,5.8133333333333335,osrm_driving
grid_R017_C024,23.036366108237356,120.26331957582708,永康區圖書館,23.018985,120.25988,2.3204,5.17,osrm_driving
grid_R017_C025,23.03641124264872,120.27307632213872,永康區圖書館,23.018985,120.25988,3.2392,5.05,osrm_driving
grid_R017_C026,23.03645577541835,120.2828330928606,新化區圖書館,23.038088,120.310581,3.4593000000000003,5.831666666666666,osrm_driving
grid_R017_C027,23.036499706540223,120.29258988766522,新化區圖書館,23.038088,120.310581,2.2543,3.89,osrm_driving
grid_R017_C028,23.036543036008354,120.302346706225,新化區圖書館,23.038088,120.310581,1.1819000000000002,2.0349999999999997,osrm_driving
grid_R017_C029,23.03658576381683,120.31210354821246,新化區圖書館,23.038088,120.310581,0.3308,0.77,osrm_driving
grid_R017_C030,23.03662788995987,120.32186041329996,新化區圖書館,23.038088,120.310581,1.5991,2.7483333333333335,osrm_driving
grid_R017_C031,23.03666941443172,120.33161730116,新化區圖書館,23.038088,120.310581,3.7566,8.691666666666666,osrm_driving
grid_R017_C032,23.03671033722674,120.34137421146504,新化區圖書館,23.038088,120.310581,3.4874,5.6033333333333335,osrm_driving
grid_R017_C033,23.03675065833937,120.35113114388744,新化區圖書館,23.038088,120.310581,5.8702,12.366666666666667,osrm_driving
grid_R017_C034,23.036790377764113,120.3608880980997,新化區圖書館,23.038088,120.310581,6.2261999999999995,10.723333333333333,osrm_driving
grid_R017_C035,23.036829495495574,120.3706450737742,新化區圖書館,23.038088,120.310581,7.909800000000001,12.281666666666666,osrm_driving
grid_R017_C036,23.036868011528437,120.3804020705834,左鎮區圖書館,23.056394,120.408727,8.458200000000001,23.44333333333333,osrm_driving
grid_R017_C037,23.036905925857447,120.39015908819968,左鎮區圖書館,23.056394,120.408727,6.8762,20.228333333333335,osrm_driving
grid_R017_C038,23.036943238477463,120.39991612629548,左鎮區圖書館,23.056394,120.408727,4.4873,8.44,osrm_driving
grid_R017_C039,23.036979949383404,120.40967318454317,左鎮區圖書館,23.056394,120.408727,2.9451,11.256666666666666,osrm_driving
grid_R017_C040,23.03701605857027,120.4194302626152,左鎮區圖書館,23.056394,120.408727,3.5064,8.043333333333333,osrm_driving
grid_R017_C041,23.037051566033163,120.42918736018392,左鎮區圖書館,23.056394,120.408727,3.8939,10.731666666666666,osrm_driving
grid_R017_C042,23.03708647176725,120.43894447692182,左鎮區圖書館,23.056394,120.408727,4.7768999999999995,10.953333333333337,osrm_driving
grid_R017_C043,23.037120775767765,120.4487016125012,南化區圖書館,23.045724,120.480301,5.5824,9.606666666666666,osrm_driving
grid_R017_C044,23.03715447803006,120.45845876659452,南化區圖書館,23.045724,120.480301,4.789899999999999,7.545,osrm_driving
grid_R017_C045,23.03718757854955,120.4682159388741,南化區圖書館,23.045724,120.480301,2.32,6.798333333333333,osrm_driving
grid_R017_C046,23.03722007732172,120.47797312901236,南化區圖書館,23.045724,120.480301,1.6185999999999998,1.85,osrm_driving
grid_R017_C047,23.03725197434216,120.48773033668172,南化區圖書館,23.045724,120.480301,2.0818000000000003,3.235,osrm_driving
grid_R017_C048,23.03728326960653,120.49748756155444,南化區圖書館,23.045724,120.480301,3.3844000000000003,9.693333333333332,osrm_driving
grid_R017_C049,23.037313963110577,120.50724480330302,南化區圖書館,23.045724,120.480301,6.1925,15.453333333333337,osrm_driving
grid_R017_C050,23.03734405485011,120.51700206159975,南化區圖書館,23.045724,120.480301,8.5944,15.295,osrm_driving
grid_R018_C002,23.044250389846493,120.04861458853448,土城圖書館,23.066305,120.126709,14.927,36.32666666666667,osrm_driving
grid_R018_C003,23.044308784135108,120.05837136498916,土城圖書館,23.066305,120.126709,7.9408,17.134999999999998,osrm_driving
grid_R018_C004,23.04436657667364,120.06812817306802,土城圖書館,23.066305,120.126709,7.712899999999999,16.58833333333333,osrm_driving
grid_R018_C005,23.044423767454234,120.07788501244356,土城圖書館,23.066305,120.126709,7.616899999999999,17.80666666666667,osrm_driving
grid_R018_C006,23.044480356469094,120.0876418827882,土城圖書館,23.066305,120.126709,5.9779,14.581666666666669,osrm_driving
grid_R018_C007,23.04453634371055,120.09739878377444,土城圖書館,23.066305,120.126709,5.2773,13.396666666666668,osrm_driving
grid_R018_C008,23.04459172917096,120.1071557150748,土城圖書館,23.066305,120.126709,3.9756,9.778333333333334,osrm_driving
grid_R018_C009,23.044646512842807,120.11691267636164,土城圖書館,23.066305,120.126709,3.0124,7.466666666666667,osrm_driving
grid_R018_C010,23.044700694718635,120.12666966730754,土城圖書館,23.066305,120.126709,4.2906,9.188333333333333,osrm_driving
grid_R018_C011,23.04475427479108,120.13642668758484,土城圖書館,23.066305,120.126709,4.5051000000000005,8.056666666666667,osrm_driving
grid_R018_C012,23.04480725305285,120.14618373686602,土城圖書館,23.066305,120.126709,3.8135,6.341666666666667,osrm_driving
grid_R018_C013,23.044859629496727,120.15594081482352,土城圖書館,23.066305,120.126709,4.4331000000000005,10.323333333333332,osrm_driving
grid_R018_C014,23.044911404115616,120.16569792112976,安南圖書館,23.047222,120.18481,2.3512,4.145,osrm_driving
grid_R018_C015,23.04496257690244,120.1754550554572,安南圖書館,23.047222,120.18481,1.9031,5.25,osrm_driving
grid_R018_C016,23.04501314785027,120.1852122174782,安南圖書館,23.047222,120.18481,0.5766,1.4483333333333337,osrm_driving
grid_R018_C017,23.04506311695221,120.19496940686524,台江文化中心圖書館,23.045984,120.188233,0.7112,1.3166666666666669,osrm_driving
grid_R018_C018,23.04511248420146,120.20472662329072,台江文化中心圖書館,23.045984,120.188233,1.8691,3.28,osrm_driving
grid_R018_C019,23.045161249591324,120.214483866427,台江文化中心圖書館,23.045984,120.188233,3.2496,6.153333333333333,osrm_driving
grid_R018_C020,23.045209413115145,120.2242411359465,台江文化中心圖書館,23.045984,120.188233,4.6502,7.975,osrm_driving
grid_R018_C021,23.045256974766396,120.2339984315216,市圖總館（新總館）,23.024401,120.238004,3.0609,7.176666666666667,osrm_driving
grid_R018_C022,23.045303934538577,120.24375575282474,市圖總館（新總館）,23.024401,120.238004,3.9323,7.311666666666667,osrm_driving
grid_R018_C023,23.045350292425333,120.25351309952828,永康區圖書館,23.018985,120.25988,3.6648,7.513333333333334,osrm_driving
grid_R018_C024,23.045396048420336,120.26327047130457,永康區圖書館,23.018985,120.25988,3.6366,6.536666666666666,osrm_driving
grid_R018_C025,23.045441202517377,120.273027867826,永康區圖書館,23.018985,120.25988,4.4928,7.356666666666667,osrm_driving
grid_R018_C026,23.0454857547103,120.28278528876494,新化區圖書館,23.038088,120.310581,4.270899999999999,7.738333333333333,osrm_driving
grid_R018_C027,23.04552970499305,120.29254273379378,新化區圖書館,23.038088,120.310581,2.7749,4.533333333333333,osrm_driving
grid_R018_C028,23.045573053359657,120.30230020258486,新化區圖書館,23.038088,120.310581,1.5123,2.8133333333333335,osrm_driving
grid_R018_C029,23.04561579980421,120.3120576948105,新化區圖書館,23.038088,120.310581,2.5749,4.42,osrm_driving
grid_R018_C030,23.045657944320904,120.32181521014311,新化區圖書館,23.038088,120.310581,2.0482,2.6016666666666666,osrm_driving
grid_R018_C031,23.04569948690401,120.331572748255,新化區圖書館,23.038088,120.310581,4.0051,7.39,osrm_driving
grid_R018_C032,23.045740427547855,120.34133030881851,新化區圖書館,23.038088,120.310581,10.2374,18.986666666666668,osrm_driving
grid_R018_C033,23.045780766246892,120.351087891506,新化區圖書館,23.038088,120.310581,8.7408,12.781666666666666,osrm_driving
grid_R018_C034,23.045820502995635,120.3608454959898,新化區圖書館,23.038088,120.310581,9.349200000000002,12.48,osrm_driving
grid_R018_C035,23.045859637788663,120.37060312194222,新化區圖書館,23.038088,120.310581,7.9482,15.85,osrm_driving
grid_R018_C036,23.045898170620664,120.3803607690356,新化區圖書館,23.038088,120.310581,8.998700000000001,20.12,osrm_driving
grid_R018_C037,23.045936101486394,120.39011843694225,左鎮區圖書館,23.056394,120.408727,7.4633,24.153333333333332,osrm_driving
grid_R018_C038,23.04597343038068,120.39987612533449,左鎮區圖書館,23.056394,120.408727,2.617,6.05,osrm_driving
grid_R018_C039,23.046010157298465,120.4096338338846,左鎮區圖書館,23.056394,120.408727,2.017,7.29,osrm_driving
grid_R018_C040,23.04604628223474,120.41939156226496,左鎮區圖書館,23.056394,120.408727,2.8713,9.283333333333331,osrm_driving
grid_R018_C041,23.046081805184595,120.4291493101478,左鎮區圖書館,23.056394,120.408727,2.7593,6.118333333333334,osrm_driving
grid_R018_C042,23.0461167261432,120.43890707720549,南化區圖書館,23.045724,120.480301,4.6888000000000005,9.305,osrm_driving
grid_R018_C043,23.0461510451058,120.44866486311028,南化區圖書館,23.045724,120.480301,3.5479000000000003,5.39,osrm_driving
grid_R018_C044,23.04618476206772,120.45842266753446,南化區圖書館,23.045724,120.480301,2.432,3.673333333333334,osrm_driving
grid_R018_C045,23.046217877024382,120.46818049015032,南化區圖書館,23.045724,120.480301,1.5095999999999998,3.36,osrm_driving
grid_R018_C046,23.046250389971288,120.4779383306302,南化區圖書館,23.045724,120.480301,0.468,1.1316666666666668,osrm_driving
grid_R018_C047,23.046282300904004,120.48769618864634,南化區圖書館,23.045724,120.480301,0.8977,1.54,osrm_driving
grid_R018_C048,23.04631360981819,120.497454063871,南化區圖書館,23.045724,120.480301,1.9743,4.013333333333334,osrm_driving
grid_R018_C049,23.046344316709583,120.50721195597647,南化區圖書館,23.045724,120.480301,4.1087,6.381666666666666,osrm_driving
grid_R018_C050,23.04637442157402,120.51696986463504,南化區圖書館,23.045724,120.480301,5.2098,9.753333333333334,osrm_driving
grid_R018_C051,23.04640392440739,120.526727789519,南化區圖書館,23.045724,120.480301,14.3144,36.598333333333336,osrm_driving
grid_R019_C002,23.05327982009519,120.04855114947468,七股區圖書館,23.140338,120.139167,15.6393,37.10166666666667,osrm_driving
grid_R019_C003,23.05333823984464,120.05830857628266,七股區圖書館,23.140338,120.139167,14.9976,34.53666666666666,osrm_driving
grid_R019_C004,23.053396057581654,120.0680660347242,土城圖書館,23.066305,120.126709,6.8827,14.596666666666666,osrm_driving
grid_R019_C005,23.05345327329837,120.0778235244717,土城圖書館,23.066305,120.126709,6.3244,13.255,osrm_driving
grid_R019_C006,23.053509886987012,120.08758104519752,土城圖書館,23.066305,120.126709,5.1613,12.986666666666668,osrm_driving
grid_R019_C007,23.053565898639857,120.09733859657406,土城圖書館,23.066305,120.126709,5.7305,14.08,osrm_driving
grid_R019_C008,23.053621308249312,120.10709617827368,土城圖書館,23.066305,120.126709,4.0728,11.2,osrm_driving
grid_R019_C009,23.053676115807825,120.11685378996872,土城圖書館,23.066305,120.126709,2.2851,7.114999999999999,osrm_driving
grid_R019_C010,23.053730321307945,120.12661143133158,土城圖書館,23.066305,120.126709,2.4306,5.035,osrm_driving
grid_R019_C011,23.053783924742294,120.1363691020346,土城圖書館,23.066305,120.126709,2.8627,5.221666666666667,osrm_driving
grid_R019_C012,23.053836926103592,120.14612680175009,土城圖書館,23.066305,120.126709,3.1037,5.806666666666667,osrm_driving
grid_R019_C013,23.053889325384613,120.15588453015042,安南圖書館,23.047222,120.18481,3.3407,6.4383333333333335,osrm_driving
grid_R019_C014,23.05394112257825,120.16564228690793,安南圖書館,23.047222,120.18481,2.7215,5.281666666666666,osrm_driving
grid_R019_C015,23.053992317677444,120.17540007169492,安南圖書館,23.047222,120.18481,1.5982,3.268333333333333,osrm_driving
grid_R019_C016,23.054042910675225,120.18515788418374,台江文化中心圖書館,23.045984,120.188233,1.7708,3.935,osrm_driving
grid_R019_C017,23.05409290156472,120.19491572404672,台江文化中心圖書館,23.045984,120.188233,1.635,3.03,osrm_driving
grid_R019_C018,23.054142290339133,120.20467359095612,台江文化中心圖書館,23.045984,120.188233,3.4251,5.4399999999999995,osrm_driving
grid_R019_C019,23.054191076991735,120.2144314845843,台江文化中心圖書館,23.045984,120.188233,3.4711999999999996,5.9366666666666665,osrm_driving
grid_R019_C020,23.054239261515896,120.22418940460352,台江文化中心圖書館,23.045984,120.188233,5.3599,12.031666666666666,osrm_driving
grid_R019_C021,23.054286843905057,120.23394735068612,市圖總館（新總館）,23.024401,120.238004,4.4941,8.763333333333332,osrm_driving
grid_R019_C022,23.054333824152742,120.24370532250434,市圖總館（新總館）,23.024401,120.238004,4.1487,9.526666666666667,osrm_driving
grid_R019_C023,23.054380202252577,120.2534633197305,永康區圖書館,23.018985,120.25988,4.6838999999999995,10.156666666666666,osrm_driving
grid_R019_C024,23.05442597819823,120.26322134203689,新市區圖書館,23.079719,120.29588,5.851,7.98,osrm_driving
grid_R019_C025,23.054471151983496,120.27297938909578,新市區圖書館,23.079719,120.29588,4.2426,5.116666666666666,osrm_driving
grid_R019_C026,23.05451572360222,120.28273746057944,新化區圖書館,23.038088,120.310581,4.2824,7.958333333333333,osrm_driving
grid_R019_C027,23.05455969304832,120.2924955561601,新市區圖書館,23.079719,120.29588,3.7648,5.635000000000001,osrm_driving
grid_R019_C028,23.054603060315852,120.3022536755101,新化區圖書館,23.038088,120.310581,3.9606,4.833333333333333,osrm_driving
grid_R019_C029,23.05464582539889,120.3120118183016,新化區圖書館,23.038088,120.310581,3.142,4.298333333333333,osrm_driving
grid_R019_C030,23.05468798829162,120.32176998420697,新化區圖書館,23.038088,120.310581,5.1446000000000005,5.585,osrm_driving
grid_R019_C031,23.05472954898831,120.33152817289836,新化區圖書館,23.038088,120.310581,2.7796999999999996,4.796666666666667,osrm_driving
grid_R019_C032,23.05477050748331,120.34128638404802,新化區圖書館,23.038088,120.310581,4.1884,6.9350000000000005,osrm_driving
grid_R019_C033,23.054810863771028,120.35104461732826,新化區圖書館,23.038088,120.310581,7.5903,8.908333333333333,osrm_driving
grid_R019_C034,23.054850617846,120.36080287241128,新化區圖書館,23.038088,120.310581,9.2275,13.573333333333332,osrm_driving
grid_R019_C035,23.054889769702804,120.37056114896929,新化區圖書館,23.038088,120.310581,8.6712,15.183333333333334,osrm_driving
grid_R019_C036,23.05492831933612,120.3803194466745,左鎮區圖書館,23.056394,120.408727,5.0184,12.206666666666669,osrm_driving
grid_R019_C037,23.054966266740692,120.3900777651992,左鎮區圖書館,23.056394,120.408727,3.4901,9.266666666666667,osrm_driving
grid_R019_C038,23.055003611911367,120.39983610421558,左鎮區圖書館,23.056394,120.408727,1.512,3.7783333333333338,osrm_driving
grid_R019_C039,23.055040354843065,120.40959446339583,左鎮區圖書館,23.056394,120.408727,0.862,3.46,osrm_driving
grid_R019_C040,23.05507649553078,120.4193528424122,左鎮區圖書館,23.056394,120.408727,1.3945,3.6,osrm_driving
grid_R019_C041,23.055112033969607,120.42911124093688,左鎮區圖書館,23.056394,120.408727,2.7251999999999996,9.021666666666668,osrm_driving
grid_R019_C042,23.0551469701547,120.43886965864206,南化區圖書館,23.045724,120.480301,5.4136999999999995,12.853333333333332,osrm_driving
grid_R019_C043,23.05518130408131,120.44862809519994,南化區圖書館,23.045724,120.480301,4.6393,8.211666666666666,osrm_driving
grid_R019_C044,23.05521503574476,120.45838655028273,南化區圖書館,23.045724,120.480301,3.7952,7.443333333333333,osrm_driving
grid_R019_C045,23.05524816514048,120.46814502356264,南化區圖書館,23.045724,120.480301,3.7175,5.491666666666666,osrm_driving
grid_R019_C046,23.05528069226394,120.4779035147118,南化區圖書館,23.045724,120.480301,3.1533,6.1466666666666665,osrm_driving
grid_R019_C047,23.05531261711072,120.48766202340242,南化區圖書館,23.045724,120.480301,1.8015,3.63,osrm_driving
grid_R019_C048,23.05534393967649,120.49742054930672,南化區圖書館,23.045724,120.480301,2.8956,7.163333333333333,osrm_driving
grid_R019_C049,23.055374659956975,120.50717909209683,南化區圖書館,23.045724,120.480301,3.889,8.586666666666668,osrm_driving
grid_R019_C050,23.055404777948,120.516937651445,南化區圖書館,23.045724,120.480301,10.2051,22.253333333333337,osrm_driving
grid_R019_C051,23.055434293645465,120.52669622702328,南化區圖書館,23.045724,120.480301,11.5716,26.48,osrm_driving
grid_R019_C052,23.055463207045356,120.53645481850396,南化區圖書館,23.045724,120.480301,13.0198,31.435,osrm_driving
grid_R020_C000,23.062190542651287,120.02897161971563,七股區圖書館,23.140338,120.139167,16.9682,31.35,osrm_driving
grid_R020_C001,23.06225019239057,120.0387296329355,七股區圖書館,23.140338,120.139167,17.3184,32.751666666666665,osrm_driving
grid_R020_C002,23.06230923987102,120.0484876784537,七股區圖書館,23.140338,120.139167,17.685599999999997,34.22166666666667,osrm_driving
grid_R020_C003,23.062367685084595,120.05824575594258,七股區圖書館,23.140338,120.139167,14.1683,31.22,osrm_driving
grid_R020_C004,23.06242552802335,120.06800386507442,七股區圖書館,23.140338,120.139167,13.6076,28.976666666666667,osrm_driving
grid_R020_C005,23.06248276867942,120.0777620055215,土城圖書館,23.066305,120.126709,5.5281,11.348333333333333,osrm_driving
grid_R020_C006,23.062539407045016,120.08752017695616,土城圖書館,23.066305,120.126709,5.2563,13.233333333333333,osrm_driving
grid_R020_C007,23.062595443112432,120.09727837905058,土城圖書館,23.066305,120.126709,4.2302,8.235000000000001,osrm_driving
grid_R020_C008,23.06265087687404,120.1070366114771,土城圖書館,23.066305,120.126709,3.0556,8.191666666666666,osrm_driving
grid_R020_C009,23.062705708322312,120.116794873908,土城圖書館,23.066305,120.126709,2.3264,6.658333333333333,osrm_driving
grid_R020_C010,23.062759937449776,120.12655316601548,土城圖書館,23.066305,120.126709,0.6076,2.368333333333333,osrm_driving
grid_R020_C011,23.062813564249065,120.13631148747184,土城圖書館,23.066305,120.126709,1.9172,3.9866666666666664,osrm_driving
grid_R020_C012,23.06286658871287,120.14606983794933,土城圖書館,23.066305,120.126709,3.247,4.543333333333334,osrm_driving
grid_R020_C013,23.062919010834,120.15582821712016,土城圖書館,23.066305,120.126709,4.176,5.348333333333333,osrm_driving
grid_R020_C014,23.062970830605305,120.16558662465656,台江文化中心圖書館,23.045984,120.188233,4.6275,7.738333333333333,osrm_driving
grid_R020_C015,23.063022048019732,120.17534506023082,台江文化中心圖書館,23.045984,120.188233,3.5943,4.711666666666667,osrm_driving
grid_R020_C016,23.06307266307033,120.18510352351514,台江文化中心圖書館,23.045984,120.188233,2.505,4.371666666666667,osrm_driving
grid_R020_C017,23.0631226757502,120.19486201418172,台江文化中心圖書館,23.045984,120.188233,2.2826,4.3100000000000005,osrm_driving
grid_R020_C018,23.063172086052543,120.20462053190276,台江文化中心圖書館,23.045984,120.188233,4.4123,7.25,osrm_driving
grid_R020_C019,23.063220893970648,120.21437907635053,台江文化中心圖書館,23.045984,120.188233,4.3612,6.965,osrm_driving
grid_R020_C020,23.063269099497855,120.22413764719718,台江文化中心圖書館,23.045984,120.188233,5.8576999999999995,10.268333333333334,osrm_driving
grid_R020_C021,23.063316702627617,120.23389624411494,市圖總館（新總館）,23.024401,120.238004,5.7154,11.286666666666669,osrm_driving
grid_R020_C022,23.063363703353456,120.243654866776,市圖總館（新總館）,23.024401,120.238004,5.6349,11.391666666666667,osrm_driving
grid_R020_C023,23.063410101668985,120.25341351485253,新市區圖書館,23.079719,120.29588,8.168899999999999,9.111666666666668,osrm_driving
grid_R020_C024,23.063455897567874,120.26317218801674,新市區圖書館,23.079719,120.29588,4.825399999999999,8.205,osrm_driving
grid_R020_C025,23.063501091043907,120.2729308859408,新市區圖書館,23.079719,120.29588,5.1725,9.128333333333334,osrm_driving
grid_R020_C026,23.063545682090933,120.28268960829688,新市區圖書館,23.079719,120.29588,3.1718,4.183333333333334,osrm_driving
grid_R020_C027,23.06358967070289,120.29244835475714,新市區圖書館,23.079719,120.29588,2.6466999999999996,4.208333333333333,osrm_driving
grid_R020_C028,23.063633056873773,120.3022071249938,新市區圖書館,23.079719,120.29588,1.992,3.9866666666666664,osrm_driving
grid_R020_C029,23.0636758405977,120.31196591867892,新市區圖書館,23.079719,120.29588,3.2706,7.776666666666667,osrm_driving
grid_R020_C030,23.063718021868848,120.32172473548474,新化區圖書館,23.038088,120.310581,5.4407,8.961666666666668,osrm_driving
grid_R020_C031,23.06375960068147,120.3314835750834,新化區圖書館,23.038088,120.310581,3.7976,4.873333333333333,osrm_driving
grid_R020_C032,23.063800577029916,120.341242437147,新化區圖書館,23.038088,120.310581,4.9208,6.141666666666667,osrm_driving
grid_R020_C033,23.06384095090861,120.35100132134774,新化區圖書館,23.038088,120.310581,6.0497,6.755,osrm_driving
grid_R020_C034,23.063880722312053,120.36076022735772,山上區圖書館,23.101652,120.355209,5.465199999999999,10.998333333333331,osrm_driving
grid_R020_C035,23.063919891234836,120.3705191548491,左鎮區圖書館,23.056394,120.408727,5.4737,13.068333333333332,osrm_driving
grid_R020_C036,23.06395845767163,120.380278103494,左鎮區圖書館,23.056394,120.408727,3.8373,7.508333333333334,osrm_driving
grid_R020_C037,23.0639964216172,120.39003707296452,左鎮區圖書館,23.056394,120.408727,3.0329,6.376666666666667,osrm_driving
grid_R020_C038,23.064033783066364,120.39979606293282,左鎮區圖書館,23.056394,120.408727,1.7862,7.348333333333333,osrm_driving
grid_R020_C039,23.064070542014047,120.409555073071,左鎮區圖書館,23.056394,120.408727,2.1757,10.591666666666669,osrm_driving
grid_R020_C040,23.064106698455245,120.41931410305114,左鎮區圖書館,23.056394,120.408727,2.396,4.651666666666667,osrm_driving
grid_R020_C041,23.06414225238504,120.42907315254544,左鎮區圖書館,23.056394,120.408727,3.5253,9.391666666666667,osrm_driving
grid_R020_C042,23.064177203798593,120.4388322212259,左鎮區圖書館,23.056394,120.408727,4.1712,16.42,osrm_driving
grid_R020_C043,23.06421155269115,120.4485913087647,南化區圖書館,23.045724,120.480301,6.5099,13.418333333333331,osrm_driving
grid_R020_C044,23.064245299058037,120.4583504148339,南化區圖書館,23.045724,120.480301,6.2375,9.666666666666666,osrm_driving
grid_R020_C045,23.064278442894672,120.46810953910558,南化區圖書館,23.045724,120.480301,5.0795,8.283333333333333,osrm_driving
grid_R020_C046,23.064310984196517,120.47786868125188,南化區圖書館,23.045724,120.480301,3.003,5.680000000000001,osrm_driving
grid_R020_C047,23.064342922959177,120.48762784094488,南化區圖書館,23.045724,120.480301,3.2981,9.343333333333334,osrm_driving
grid_R020_C048,23.06437425917829,120.49738701785664,南化區圖書館,23.045724,120.480301,7.972300000000001,17.291666666666668,osrm_driving
grid_R020_C049,23.064404992849596,120.50714621165922,南化區圖書館,23.045724,120.480301,5.1636999999999995,17.9,osrm_driving
grid_R020_C050,23.06443512396891,120.51690542202472,南化區圖書館,23.045724,120.480301,8.977799999999998,14.971666666666666,osrm_driving
grid_R020_C051,23.06446465253213,120.52666464862529,南化區圖書館,23.045724,120.480301,10.5556,19.42,osrm_driving
grid_R020_C052,23.06449357853525,120.53642389113286,南化區圖書館,23.045724,120.480301,14.2213,26.063333333333333,osrm_driving
grid_R020_C053,23.064521901974327,120.5461831492196,南化區圖書館,23.045724,120.480301,17.4627,34.97,osrm_driving
grid_R020_C054,23.0645496228455,120.55594242255752,南化區圖書館,23.045724,120.480301,16.3694,26.41,osrm_driving
grid_R021_C000,23.071219900228954,120.0289068147354,七股區圖書館,23.140338,120.139167,16.1691,28.121666666666663,osrm_driving
grid_R021_C001,23.071279575960485,120.03866547894476,七股區圖書館,23.140338,120.139167,16.3937,29.053333333333335,osrm_driving
grid_R021_C002,23.07133864917077,120.04842417546206,七股區圖書館,23.140338,120.139167,16.752200000000002,30.486666666666668,osrm_driving
grid_R021_C003,23.071397119851767,120.05818290395956,七股區圖書館,23.140338,120.139167,13.4106,28.188333333333333,osrm_driving
grid_R021_C004,23.071454987995537,120.06794166410936,七股區圖書館,23.140338,120.139167,12.8091,25.783333333333335,osrm_driving
grid_R021_C005,23.07151225359418,120.0777004555838,七股區圖書館,23.140338,120.139167,12.0936,22.92,osrm_driving
grid_R021_C006,23.07156891663992,120.08745927805496,土城圖書館,23.066305,120.126709,4.235600000000001,8.246666666666666,osrm_driving
grid_R021_C007,23.071624977125055,120.097218131195,土城圖書館,23.066305,120.126709,3.4068,6.256666666666666,osrm_driving
grid_R021_C008,23.07168043504196,120.1069770146762,土城圖書館,23.066305,120.126709,2.858,5.3116666666666665,osrm_driving
grid_R021_C009,23.07173529038307,120.11673592817064,土城圖書館,23.066305,120.126709,1.9219,6.611666666666666,osrm_driving
grid_R021_C010,23.07178954314094,120.12649487135052,土城圖書館,23.066305,120.126709,1.4414,4.556666666666667,osrm_driving
grid_R021_C011,23.071843193308183,120.136253843888,土城圖書館,23.066305,120.126709,2.6995,5.7316666666666665,osrm_driving
grid_R021_C012,23.071896240877503,120.1460128454552,土城圖書館,23.066305,120.126709,7.1479,13.653333333333334,osrm_driving
grid_R021_C013,23.071948685841676,120.15577187572428,土城圖書館,23.066305,120.126709,6.279100000000001,9.993333333333334,osrm_driving
grid_R021_C014,23.07200052819357,120.1655309343674,台江文化中心圖書館,23.045984,120.188233,6.5741000000000005,12.795,osrm_driving
grid_R021_C015,23.07205176792613,120.17529002105668,台江文化中心圖書館,23.045984,120.188233,4.5998,8.075,osrm_driving
grid_R021_C016,23.072102405032396,120.18504913546424,台江文化中心圖書館,23.045984,120.188233,3.816,6.48,osrm_driving
grid_R021_C017,23.072152439505462,120.1948082772622,台江文化中心圖書館,23.045984,120.188233,3.1429,6.27,osrm_driving
grid_R021_C018,23.07220187133853,120.20456744612272,台江文化中心圖書館,23.045984,120.188233,4.384399999999999,8.813333333333333,osrm_driving
grid_R021_C019,23.07225070052488,120.21432664171786,台江文化中心圖書館,23.045984,120.188233,6.0992,7.89,osrm_driving
grid_R021_C020,23.072298927057854,120.22408586371976,安定區圖書館,23.114827,120.234156,6.0127,9.391666666666667,osrm_driving
grid_R021_C021,23.072346550930902,120.23384511180048,安定區圖書館,23.114827,120.234156,7.8599,15.206666666666669,osrm_driving
grid_R021_C022,23.072393572137543,120.24360438563215,新市區圖書館,23.079719,120.29588,5.8613,12.138333333333332,osrm_driving
grid_R021_C023,23.07243999067138,120.25336368488688,新市區圖書館,23.079719,120.29588,7.1695,8.398333333333333,osrm_driving
grid_R021_C024,23.07248580652609,120.26312300923676,新市區圖書館,23.079719,120.29588,3.8377,6.6483333333333325,osrm_driving
grid_R021_C025,23.072531019695443,120.2728823583538,新市區圖書館,23.079719,120.29588,2.8946,5.043333333333334,osrm_driving
grid_R021_C026,23.072575630173286,120.28264173191016,新市區圖書館,23.079719,120.29588,2.1334,5.444999999999999,osrm_driving
grid_R021_C027,23.07261963795355,120.29240112957784,新市區圖書館,23.079719,120.29588,1.2809,1.9766666666666663,osrm_driving
grid_R021_C028,23.072663043030257,120.30216055102896,新市區圖書館,23.079719,120.29588,1.4417,4.131666666666667,osrm_driving
grid_R021_C029,23.072705845397497,120.31191999593555,新市區圖書館,23.079719,120.29588,2.6272,8.045,osrm_driving
grid_R021_C030,23.07274804504943,120.32167946396972,新市區圖書館,23.079719,120.29588,3.7486,8.131666666666666,osrm_driving
grid_R021_C031,23.07278964198033,120.33143895480346,新市區圖書館,23.079719,120.29588,4.4701,7.741666666666666,osrm_driving
grid_R021_C032,23.072830636184538,120.34119846810889,新化區圖書館,23.038088,120.310581,6.4387,9.666666666666666,osrm_driving
grid_R021_C033,23.072871027656472,120.35095800355796,山上區圖書館,23.101652,120.355209,5.5141,9.641666666666667,osrm_driving
grid_R021_C034,23.072910816390632,120.3607175608228,山上區圖書館,23.101652,120.355209,4.4498999999999995,8.661666666666667,osrm_driving
grid_R021_C035,23.07295000238161,120.3704771395754,山上區圖書館,23.101652,120.355209,4.0659,8.226666666666667,osrm_driving
grid_R021_C036,23.072988585624067,120.38023673948784,左鎮區圖書館,23.056394,120.408727,4.4923,11.341666666666669,osrm_driving
grid_R021_C037,23.07302656611276,120.38999636023206,左鎮區圖書館,23.056394,120.408727,4.1138,12.028333333333334,osrm_driving
grid_R021_C038,23.07306394384252,120.39975600148014,左鎮區圖書館,23.056394,120.408727,2.9181,13.513333333333332,osrm_driving
grid_R021_C039,23.07310071880826,120.40951566290414,左鎮區圖書館,23.056394,120.408727,2.7685,11.685,osrm_driving
grid_R021_C040,23.07313689100498,120.419275344176,左鎮區圖書館,23.056394,120.408727,4.1575,9.37,osrm_driving
grid_R021_C041,23.073172460427756,120.42903504496776,左鎮區圖書館,23.056394,120.408727,5.818,11.363333333333332,osrm_driving
grid_R021_C042,23.073207427071736,120.43879476495144,左鎮區圖書館,23.056394,120.408727,6.4689,14.48,osrm_driving
grid_R021_C043,23.07324179093218,120.44855450379904,玉井區圖書館,23.123307,120.468898,7.202100000000001,22.67,osrm_driving
grid_R021_C044,23.073275552004407,120.45831426118257,南化區圖書館,23.045724,120.480301,7.0622,13.235,osrm_driving
grid_R021_C045,23.073308710283815,120.46807403677398,南化區圖書館,23.045724,120.480301,5.195,11.986666666666668,osrm_driving
grid_R021_C046,23.073341265765897,120.47783383024532,南化區圖書館,23.045724,120.480301,3.914,7.131666666666666,osrm_driving
grid_R021_C047,23.07337321844623,120.48759364126856,南化區圖書館,23.045724,120.480301,4.7199,6.98,osrm_driving
grid_R021_C048,23.073404568320456,120.49735346951567,南化區圖書館,23.045724,120.480301,6.3496999999999995,9.055,osrm_driving
grid_R021_C049,23.07343531538431,120.50711331465864,南化區圖書館,23.045724,120.480301,7.910399999999999,12.316666666666666,osrm_driving
grid_R021_C050,23.073465459633617,120.5168731763695,南化區圖書館,23.045724,120.480301,9.3648,17.206666666666667,osrm_driving
grid_R021_C051,23.07349500106427,120.52663305432016,南化區圖書館,23.045724,120.480301,10.1998,18.30666666666667,osrm_driving
grid_R021_C052,23.07352393967224,120.53639294818262,南化區圖書館,23.045724,120.480301,12.8756,19.978333333333335,osrm_driving
grid_R021_C053,23.073552275453604,120.54615285762888,南化區圖書館,23.045724,120.480301,14.588299999999998,22.745,osrm_driving
grid_R021_C054,23.073580008404495,120.55591278233084,南化區圖書館,23.045724,120.480301,16.2897,25.581666666666667,osrm_driving
grid_R021_C055,23.073607138521147,120.56567272196052,南化區圖書館,23.045724,120.480301,18.1956,34.30833333333333,osrm_driving
grid_R022_C000,23.080249247320637,120.0288419771194,七股區圖書館,23.140338,120.139167,16.3785,28.959999999999997,osrm_driving
grid_R022_C001,23.080308949047787,120.03860129264604,七股區圖書館,23.140338,120.139167,16.2877,28.69,osrm_driving
grid_R022_C002,23.080368047991243,120.04836064049024,七股區圖書館,23.140338,120.139167,15.0533,24.126666666666665,osrm_driving
grid_R022_C003,23.080426544142966,120.05812002032414,七股區圖書館,23.140338,120.139167,14.0526,20.49,osrm_driving
grid_R022_C004,23.080484437494984,120.0678794318198,七股區圖書館,23.140338,120.139167,13.1085,18.225,osrm_driving
grid_R022_C005,23.08054172803945,120.07763887464932,七股區圖書館,23.140338,120.139167,11.4376,20.295,osrm_driving
grid_R022_C006,23.080598415768534,120.0873983484848,七股區圖書館,23.140338,120.139167,10.6104,16.986666666666668,osrm_driving
grid_R022_C007,23.08065450067456,120.09715785299836,七股區圖書館,23.140338,120.139167,9.6488,13.14,osrm_driving
grid_R022_C008,23.08070998274987,120.106917387862,土城圖書館,23.066305,120.126709,2.6405,6.763333333333334,osrm_driving
grid_R022_C009,23.080764861986925,120.11667695274784,土城圖書館,23.066305,120.126709,1.8977,5.175,osrm_driving
grid_R022_C010,23.080819138378256,120.12643654732798,土城圖書館,23.066305,120.126709,4.4438,6.614999999999999,osrm_driving
grid_R022_C011,23.08087281191648,120.1361961712744,土城圖書館,23.066305,120.126709,3.5529,4.881666666666666,osrm_driving
grid_R022_C012,23.08092588259429,120.1459558242592,土城圖書館,23.066305,120.126709,4.8075,8.071666666666667,osrm_driving
grid_R022_C013,23.08097835040447,120.1557155059544,台江文化中心圖書館,23.045984,120.188233,7.2471,13.868333333333334,osrm_driving
grid_R022_C014,23.081030215339883,120.16547521603208,台江文化中心圖書館,23.045984,120.188233,6.1761,11.141666666666667,osrm_driving
grid_R022_C015,23.081081477393468,120.17523495416424,台江文化中心圖書館,23.045984,120.188233,5.6989,12.556666666666668,osrm_driving
grid_R022_C016,23.08113213655825,120.18499472002296,台江文化中心圖書館,23.045984,120.188233,5.1436,8.788333333333332,osrm_driving
grid_R022_C017,23.081182192827335,120.1947545132802,台江文化中心圖書館,23.045984,120.188233,4.0198,5.486666666666666,osrm_driving
grid_R022_C018,23.081231646193913,120.20451433360805,台江文化中心圖書館,23.045984,120.188233,4.7534,6.345,osrm_driving
grid_R022_C019,23.081280496651267,120.21427418067844,台江文化中心圖書館,23.045984,120.188233,5.9001,8.353333333333333,osrm_driving
grid_R022_C020,23.08132874419273,120.22403405416348,安定區圖書館,23.114827,120.234156,5.0941,7.568333333333333,osrm_driving
grid_R022_C021,23.08137638881175,120.23379395373507,安定區圖書館,23.114827,120.234156,8.027,8.571666666666665,osrm_driving
grid_R022_C022,23.081423430501843,120.24355387906527,安定區圖書館,23.114827,120.234156,6.203399999999999,10.898333333333332,osrm_driving
grid_R022_C023,23.0814698692566,120.25331382982613,安定區圖書館,23.114827,120.234156,5.3776,5.735,osrm_driving
grid_R022_C024,23.081515705069712,120.26307380568952,新市區圖書館,23.079719,120.29588,4.438,9.0,osrm_driving
grid_R022_C025,23.08156093793494,120.27283380632753,新市區圖書館,23.079719,120.29588,3.2236,6.775,osrm_driving
grid_R022_C026,23.08160556784612,120.28259383141204,新市區圖書館,23.079719,120.29588,1.666,3.735,osrm_driving
grid_R022_C027,23.08164959479719,120.29235388061508,新市區圖書館,23.079719,120.29588,0.736,1.5416666666666667,osrm_driving
grid_R022_C028,23.08169301878216,120.30211395360864,新市區圖書館,23.079719,120.29588,0.9625,2.268333333333333,osrm_driving
grid_R022_C029,23.0817358397951,120.31187405006466,新市區圖書館,23.079719,120.29588,2.0475,6.888333333333334,osrm_driving
grid_R022_C030,23.081778057830213,120.32163416965508,新市區圖書館,23.079719,120.29588,4.0034,8.453333333333333,osrm_driving
grid_R022_C031,23.081819672881743,120.33139431205188,山上區圖書館,23.101652,120.355209,3.8131,6.431666666666667,osrm_driving
grid_R022_C032,23.08186068494402,120.34115447692704,山上區圖書館,23.101652,120.355209,4.5473,9.69,osrm_driving
grid_R022_C033,23.081901094011467,120.35091466395248,山上區圖書館,23.101652,120.355209,7.0385,13.923333333333334,osrm_driving
grid_R022_C034,23.081940900078592,120.36067487280012,山上區圖書館,23.101652,120.355209,3.1281999999999996,6.403333333333333,osrm_driving
grid_R022_C035,23.08198010313997,120.37043510314192,山上區圖書館,23.101652,120.355209,3.4322,4.955,osrm_driving
grid_R022_C036,23.08201870319027,120.3801953546498,山上區圖書館,23.101652,120.355209,4.9815,10.033333333333331,osrm_driving
grid_R022_C037,23.082056700224236,120.38995562699574,山上區圖書館,23.101652,120.355209,6.1141000000000005,14.406666666666666,osrm_driving
grid_R022_C038,23.082094094236695,120.39971591985162,山上區圖書館,23.101652,120.355209,6.6915,15.003333333333334,osrm_driving
grid_R022_C039,23.08213088522257,120.40947623288938,左鎮區圖書館,23.056394,120.408727,5.615399999999999,14.001666666666669,osrm_driving
grid_R022_C040,23.082167073176844,120.41923656578092,左鎮區圖書館,23.056394,120.408727,5.0971,12.575,osrm_driving
grid_R022_C041,23.0822026580946,120.4289969181982,左鎮區圖書館,23.056394,120.408727,4.844600000000001,7.971666666666667,osrm_driving
grid_R022_C042,23.08223763997099,120.43875728981308,玉井區圖書館,23.123307,120.468898,7.0062,13.785,osrm_driving
grid_R022_C043,23.082272018801262,120.44851768029748,玉井區圖書館,23.123307,120.468898,6.5373,19.751666666666665,osrm_driving
grid_R022_C044,23.08230579458072,120.45827808932329,玉井區圖書館,23.123307,120.468898,6.7233,20.538333333333338,osrm_driving
grid_R022_C045,23.082338967304786,120.46803851656244,玉井區圖書館,23.123307,120.468898,6.45,17.37,osrm_driving
grid_R022_C046,23.08237153696894,120.47779896168684,南化區圖書館,23.045724,120.480301,5.439100000000001,14.6,osrm_driving
grid_R022_C047,23.082403503568734,120.48755942436834,南化區圖書館,23.045724,120.480301,5.3001000000000005,7.0600000000000005,osrm_driving
grid_R022_C048,23.082434867099852,120.49731990427888,南化區圖書館,23.045724,120.480301,6.523,10.148333333333332,osrm_driving
grid_R022_C049,23.082465627558,120.50708040109024,南化區圖書館,23.045724,120.480301,7.525399999999999,12.481666666666666,osrm_driving
grid_R022_C050,23.082495784938985,120.51684091447444,南化區圖書館,23.045724,120.480301,8.963700000000001,17.89,osrm_driving
grid_R022_C051,23.08252533923873,120.52660144410328,南化區圖書館,23.045724,120.480301,11.1314,16.138333333333332,osrm_driving
grid_R022_C052,23.082554290453196,120.53636198964864,南化區圖書館,23.045724,120.480301,11.9368,18.583333333333332,osrm_driving
grid_R022_C053,23.082582638578437,120.5461225507824,南化區圖書館,23.045724,120.480301,19.1758,38.505,osrm_driving
grid_R022_C054,23.082610383610614,120.55588312717646,南化區圖書館,23.045724,120.480301,18.8198,36.57833333333333,osrm_driving
grid_R022_C055,23.082637525545938,120.56564371850264,南化區圖書館,23.045724,120.480301,19.5759,35.755,osrm_driving
grid_R022_C056,23.08266406438073,120.5754043244328,南化區圖書館,23.045724,120.480301,22.9708,45.68,osrm_driving
grid_R023_C000,23.089278583923164,120.02877710685794,七股區圖書館,23.140338,120.139167,17.362599999999997,32.89666666666667,osrm_driving
grid_R023_C001,23.08933831164929,120.03853707402976,七股區圖書館,23.140338,120.139167,17.483900000000002,33.465,osrm_driving
grid_R023_C002,23.089397436329243,120.04829707352874,七股區圖書館,23.140338,120.139167,14.7933,28.476666666666667,osrm_driving
grid_R023_C003,23.089455957954986,120.05805710502696,七股區圖書館,23.140338,120.139167,13.632700000000002,23.855,osrm_driving
grid_R023_C004,23.089513876518534,120.06781716819631,七股區圖書館,23.140338,120.139167,12.3301,16.83,osrm_driving
grid_R023_C005,23.08957119201204,120.07757726270889,七股區圖書館,23.140338,120.139167,11.1984,14.625,osrm_driving
grid_R023_C006,23.089627904427676,120.08733738823663,七股區圖書館,23.140338,120.139167,10.2083,11.563333333333333,osrm_driving
grid_R023_C007,23.08968401375774,120.09709754445156,七股區圖書館,23.140338,120.139167,9.1908,10.451666666666666,osrm_driving
grid_R023_C008,23.089739519994588,120.10685773102564,七股區圖書館,23.140338,120.139167,8.526200000000001,9.901666666666667,osrm_driving
grid_R023_C009,23.089794423130677,120.1166179476308,七股區圖書館,23.140338,120.139167,7.201,9.395,osrm_driving
grid_R023_C010,23.089848723158532,120.12637819393908,七股區圖書館,23.140338,120.139167,6.3678,11.383333333333333,osrm_driving
grid_R023_C011,23.08990242007076,120.13613846962244,七股區圖書館,23.140338,120.139167,6.3637,10.855,osrm_driving
grid_R023_C012,23.089955513860065,120.14589877435276,七股區圖書館,23.140338,120.139167,7.7692,14.445,osrm_driving
grid_R023_C013,23.090008004519216,120.15565910780208,七股區圖書館,23.140338,120.139167,8.9229,15.765,osrm_driving
grid_R023_C014,23.09005989204107,120.16541946964225,西港區圖書館,23.123446,120.203326,6.4378,13.903333333333334,osrm_driving
grid_R023_C015,23.090111176418567,120.17517985954528,西港區圖書館,23.123446,120.203326,6.1773,13.021666666666668,osrm_driving
grid_R023_C016,23.09016185764473,120.1849402771831,台江文化中心圖書館,23.045984,120.188233,5.6674,10.871666666666666,osrm_driving
grid_R023_C017,23.090211935712656,120.19470072222762,西港區圖書館,23.123446,120.203326,4.908600000000001,11.035,osrm_driving
grid_R023_C018,23.09026141061554,120.20446119435076,西港區圖書館,23.123446,120.203326,4.571,8.776666666666667,osrm_driving
grid_R023_C019,23.09031028234665,120.21422169322445,西港區圖書館,23.123446,120.203326,4.2425,6.903333333333333,osrm_driving
grid_R023_C020,23.09035855089932,120.22398221852056,安定區圖書館,23.114827,120.234156,4.2299,7.6016666666666675,osrm_driving
grid_R023_C021,23.090406216267,120.23374276991106,安定區圖書館,23.114827,120.234156,3.5242,5.423333333333333,osrm_driving
grid_R023_C022,23.090453278443196,120.24350334706784,安定區圖書館,23.114827,120.234156,4.494,6.505,osrm_driving
grid_R023_C023,23.090499737421496,120.25326394966277,安定區圖書館,23.114827,120.234156,5.644,8.770000000000001,osrm_driving
grid_R023_C024,23.090545593195593,120.26302457736774,新市區圖書館,23.079719,120.29588,4.295,7.178333333333333,osrm_driving
grid_R023_C025,23.09059084575924,120.27278522985466,新市區圖書館,23.079719,120.29588,4.17,9.138333333333332,osrm_driving
grid_R023_C026,23.090635495106277,120.2825459067954,新市區圖書館,23.079719,120.29588,2.7748000000000004,4.755,osrm_driving
grid_R023_C027,23.09067954123063,120.29230660786185,新市區圖書館,23.079719,120.29588,1.4864000000000002,2.6883333333333335,osrm_driving
grid_R023_C028,23.090722984126305,120.30206733272584,新市區圖書館,23.079719,120.29588,1.9335,4.178333333333333,osrm_driving
grid_R023_C029,23.09076582378739,120.3118280810593,新市區圖書館,23.079719,120.29588,2.3556,4.755,osrm_driving
grid_R023_C030,23.090808060208055,120.32158885253406,新市區圖書館,23.079719,120.29588,3.3134,6.428333333333333,osrm_driving
grid_R023_C031,23.090849693382552,120.331349646822,山上區圖書館,23.101652,120.355209,3.4739,8.620000000000001,osrm_driving
grid_R023_C032,23.090890723305225,120.34111046359492,山上區圖書館,23.101652,120.355209,2.4753000000000003,4.6066666666666665,osrm_driving
grid_R023_C033,23.090931149970466,120.35087130252472,山上區圖書館,23.101652,120.355209,1.5377,4.911666666666666,osrm_driving
grid_R023_C034,23.09097097337279,120.36063216328324,山上區圖書館,23.101652,120.355209,1.5333,3.521666666666667,osrm_driving
grid_R023_C035,23.09101019350678,120.37039304554231,山上區圖書館,23.101652,120.355209,3.39,8.105,osrm_driving
grid_R023_C036,23.091048810367095,120.3801539489738,山上區圖書館,23.101652,120.355209,5.1044,8.639999999999999,osrm_driving
grid_R023_C037,23.091086823948473,120.38991487324948,山上區圖書館,23.101652,120.355209,5.4982,10.31,osrm_driving
grid_R023_C038,23.09112423424575,120.39967581804122,山上區圖書館,23.101652,120.355209,6.3354,14.046666666666663,osrm_driving
grid_R023_C039,23.091161041253837,120.40943678302084,左鎮區圖書館,23.056394,120.408727,6.8515,20.663333333333338,osrm_driving
grid_R023_C040,23.091197244967713,120.41919776786014,左鎮區圖書館,23.056394,120.408727,6.442399999999999,16.073333333333334,osrm_driving
grid_R023_C041,23.091232845382457,120.42895877223098,左鎮區圖書館,23.056394,120.408727,5.8824,10.531666666666666,osrm_driving
grid_R023_C042,23.091267842493224,120.43871979580516,玉井區圖書館,23.123307,120.468898,5.7573,11.718333333333334,osrm_driving
grid_R023_C043,23.091302236295256,120.44848083825444,玉井區圖書館,23.123307,120.468898,7.6189,15.286666666666669,osrm_driving
grid_R023_C044,23.09133602678386,120.4582418992507,玉井區圖書館,23.123307,120.468898,4.8521,15.26,osrm_driving
grid_R023_C045,23.091369213954447,120.46800297846572,玉井區圖書館,23.123307,120.468898,5.3457,12.403333333333334,osrm_driving
grid_R023_C046,23.091401797802504,120.47776407557126,玉井區圖書館,23.123307,120.468898,4.8798,9.776666666666667,osrm_driving
grid_R023_C047,23.091433778323587,120.48752519023913,玉井區圖書館,23.123307,120.468898,4.6403,8.173333333333334,osrm_driving
grid_R023_C048,23.09146515551335,120.49728632214116,玉井區圖書館,23.123307,120.468898,5.5785,9.11,osrm_driving
grid_R023_C049,23.09149592936752,120.50704747094908,南化區圖書館,23.045724,120.480301,8.028,16.181666666666665,osrm_driving
grid_R023_C050,23.0915260998819,120.5168086363347,南化區圖書館,23.045724,120.480301,11.9604,24.748333333333335,osrm_driving
grid_R023_C051,23.091555667052393,120.52656981796984,南化區圖書館,23.045724,120.480301,13.9289,28.388333333333332,osrm_driving
grid_R023_C052,23.091584630874983,120.53633101552624,南化區圖書館,23.045724,120.480301,12.5459,19.808333333333337,osrm_driving
grid_R023_C053,23.09161299134572,120.54609222867563,南化區圖書館,23.045724,120.480301,12.9026,20.665000000000003,osrm_driving
grid_R023_C054,23.091640748460744,120.5558534570899,南化區圖書館,23.045724,120.480301,20.0978,40.294999999999995,osrm_driving
grid_R023_C055,23.091667902216265,120.56561470044072,南化區圖書館,23.045724,120.480301,19.7912,31.865,osrm_driving
grid_R023_C056,23.09169445260861,120.57537595839992,南化區圖書館,23.045724,120.480301,20.7251,42.91,osrm_driving
grid_R024_C000,23.098307910033295,120.02871220394132,七股區圖書館,23.140338,120.139167,18.3256,36.748333333333335,osrm_driving
grid_R024_C001,23.09836766376177,120.03847282308632,七股區圖書館,23.140338,120.139167,18.3032,36.66,osrm_driving
grid_R024_C002,23.09842681418156,120.04823347456806,七股區圖書館,23.140338,120.139167,13.9944,25.263333333333332,osrm_driving
grid_R024_C003,23.098485361284613,120.05799415805856,七股區圖書館,23.140338,120.139167,13.0253,21.39,osrm_driving
grid_R024_C004,23.09854330506297,120.06775487322965,七股區圖書館,23.140338,120.139167,12.0582,17.52,osrm_driving
grid_R024_C005,23.098600645508743,120.07751561975329,七股區圖書館,23.140338,120.139167,10.147200000000002,13.81,osrm_driving
grid_R024_C006,23.09865738261412,120.08727639730132,七股區圖書館,23.140338,120.139167,9.804200000000002,13.15,osrm_driving
grid_R024_C007,23.09871351637139,120.0970372055456,七股區圖書館,23.140338,120.139167,9.0546,15.408333333333331,osrm_driving
grid_R024_C008,23.098769046772915,120.10679804415813,七股區圖書館,23.140338,120.139167,7.6199,11.036666666666669,osrm_driving
grid_R024_C009,23.098823973811133,120.11655891281067,七股區圖書館,23.140338,120.139167,6.4595,7.996666666666667,osrm_driving
grid_R024_C010,23.098878297478574,120.12631981117516,七股區圖書館,23.140338,120.139167,5.404,7.453333333333333,osrm_driving
grid_R024_C011,23.09893201776785,120.13608073892344,七股區圖書館,23.140338,120.139167,5.2868,6.833333333333333,osrm_driving
grid_R024_C012,23.09898513467164,120.14584169572738,七股區圖書館,23.140338,120.139167,6.2643,8.463333333333333,osrm_driving
grid_R024_C013,23.099037648182712,120.1556026812588,西港區圖書館,23.123446,120.203326,5.758,8.786666666666667,osrm_driving
grid_R024_C014,23.099089558293937,120.16536369518958,西港區圖書館,23.123446,120.203326,5.2053,7.978333333333333,osrm_driving
grid_R024_C015,23.099140864998237,120.17512473719157,西港區圖書館,23.123446,120.203326,4.4131,8.045,osrm_driving
grid_R024_C016,23.09919156828864,120.18488580693656,西港區圖書館,23.123446,120.203326,4.166,9.88,osrm_driving
grid_R024_C017,23.09924166815823,120.1946469040964,西港區圖書館,23.123446,120.203326,4.222,9.438333333333333,osrm_driving
grid_R024_C018,23.099291164600206,120.20440802834293,西港區圖書館,23.123446,120.203326,3.5619,6.9783333333333335,osrm_driving
grid_R024_C019,23.099340057607822,120.21416917934796,安定區圖書館,23.114827,120.234156,3.2589,5.3966666666666665,osrm_driving
grid_R024_C020,23.09938834717443,120.22393035678331,安定區圖書館,23.114827,120.234156,2.1315,3.1966666666666668,osrm_driving
grid_R024_C021,23.099436033293458,120.2336915603208,安定區圖書館,23.114827,120.234156,2.4425,4.296666666666667,osrm_driving
grid_R024_C022,23.099483115958403,120.2434527896322,安定區圖書館,23.114827,120.234156,3.039,5.796666666666667,osrm_driving
grid_R024_C023,23.09952959516289,120.25321404438934,安定區圖書館,23.114827,120.234156,4.6941999999999995,7.691666666666666,osrm_driving
grid_R024_C024,23.09957547090055,120.26297532426402,安定區圖書館,23.114827,120.234156,5.1079,8.965,osrm_driving
grid_R024_C025,23.099620743165172,120.272736628928,新市區圖書館,23.079719,120.29588,4.604,9.128333333333334,osrm_driving
grid_R024_C026,23.099665411950586,120.28249795805309,新市區圖書館,23.079719,120.29588,3.8863,6.575,osrm_driving
grid_R024_C027,23.09970947725071,120.292259311311,新市區圖書館,23.079719,120.29588,2.6858,4.191666666666666,osrm_driving
grid_R024_C028,23.099752939059545,120.30202068837364,新市區圖書館,23.079719,120.29588,2.9175999999999997,6.27,osrm_driving
grid_R024_C029,23.09979579737118,120.31178208891264,新市區圖書館,23.079719,120.29588,3.0437,4.798333333333333,osrm_driving
grid_R024_C030,23.09983805217978,120.32154351259987,新市區圖書館,23.079719,120.29588,3.5673000000000004,6.1,osrm_driving
grid_R024_C031,23.0998797034796,120.33130495910706,山上區圖書館,23.101652,120.355209,2.908,5.075,osrm_driving
grid_R024_C032,23.099920751264964,120.34106642810596,山上區圖書館,23.101652,120.355209,2.3619,4.91,osrm_driving
grid_R024_C033,23.09996119553028,120.3508279192683,山上區圖書館,23.101652,120.355209,0.7407999999999999,2.2816666666666667,osrm_driving
grid_R024_C034,23.10000103627007,120.36058943226584,山上區圖書館,23.101652,120.355209,1.1315,2.3633333333333337,osrm_driving
grid_R024_C035,23.10004027347888,120.37035096677032,山上區圖書館,23.101652,120.355209,2.2104,3.4866666666666664,osrm_driving
grid_R024_C036,23.100078907151392,120.38011252245354,山上區圖書館,23.101652,120.355209,3.8954,7.44,osrm_driving
grid_R024_C037,23.100116937282326,120.38987409898716,山上區圖書館,23.101652,120.355209,4.3377,6.733333333333333,osrm_driving
grid_R024_C038,23.10015436386653,120.39963569604294,山上區圖書館,23.101652,120.355209,6.1093,13.433333333333334,osrm_driving
grid_R024_C039,23.1001911868989,120.4093973132926,山上區圖書館,23.101652,120.355209,7.2888,18.216666666666665,osrm_driving
grid_R024_C040,23.100227406374415,120.41915895040788,玉井區圖書館,23.123307,120.468898,7.1032,15.975,osrm_driving
grid_R024_C041,23.10026302228816,120.42892060706046,玉井區圖書館,23.123307,120.468898,6.645899999999999,14.625,osrm_driving
grid_R024_C042,23.10029803463528,120.43868228292212,玉井區圖書館,23.123307,120.468898,5.8469,11.315,osrm_driving
grid_R024_C043,23.100332443411013,120.44844397766452,玉井區圖書館,23.123307,120.468898,4.1763,7.378333333333333,osrm_driving
grid_R024_C044,23.100366248610676,120.45820569095936,玉井區圖書館,23.123307,120.468898,3.6333,7.785,osrm_driving
grid_R024_C045,23.100399450229663,120.4679674224784,玉井區圖書館,23.123307,120.468898,4.3711,6.97,osrm_driving
grid_R024_C046,23.100432048263457,120.4777291718933,玉井區圖書館,23.123307,120.468898,3.7085,7.163333333333333,osrm_driving
grid_R024_C047,23.10046404270762,120.48749093887578,玉井區圖書館,23.123307,120.468898,4.269699999999999,9.286666666666669,osrm_driving
grid_R024_C048,23.1004954335578,120.49725272309752,玉井區圖書館,23.123307,120.468898,5.535,16.99833333333333,osrm_driving
grid_R024_C049,23.100526220809723,120.50701452423016,玉井區圖書館,23.123307,120.468898,6.9902,10.57,osrm_driving
grid_R024_C050,23.10055640445921,120.51677634194547,玉井區圖書館,23.123307,120.468898,7.973,16.408333333333335,osrm_driving
grid_R024_C051,23.100585984502125,120.52653817591514,南化區圖書館,23.045724,120.480301,14.3649,31.05,osrm_driving
grid_R024_C052,23.100614960934475,120.5363000258108,南化區圖書館,23.045724,120.480301,13.384799999999998,23.709999999999997,osrm_driving
grid_R024_C053,23.10064333375229,120.54606189130408,南化區圖書館,23.045724,120.480301,13.2408,23.115,osrm_driving
grid_R024_C054,23.10067110295173,120.55582377206676,南化區圖書館,23.045724,120.480301,22.333599999999997,38.25,osrm_driving
grid_R024_C055,23.100698268528987,120.56558566777048,南化區圖書館,23.045724,120.480301,22.4625,34.84666666666667,osrm_driving
grid_R024_C056,23.100724830480388,120.57534757808688,南化區圖書館,23.045724,120.480301,21.7575,51.84666666666667,osrm_driving
grid_R024_C057,23.100750788802312,120.58510950268766,南化區圖書館,23.045724,120.480301,24.114,45.61833333333333,osrm_driving
grid_R025_C001,23.107397005382037,120.03840853980604,七股區圖書館,23.140338,120.139167,12.7754,30.403333333333332,osrm_driving
grid_R025_C002,23.107456181544997,120.0481698435987,七股區圖書館,23.140338,120.139167,12.631,30.488333333333333,osrm_driving
grid_R025_C003,23.107514754128676,120.05793117940956,七股區圖書館,23.140338,120.139167,12.1249,20.58,osrm_driving
grid_R025_C004,23.107572723125095,120.06769254691046,七股區圖書館,23.140338,120.139167,11.1273,16.386666666666667,osrm_driving
grid_R025_C005,23.107630088526378,120.07745394577324,七股區圖書館,23.140338,120.139167,10.1298,13.491666666666667,osrm_driving
grid_R025_C006,23.107686850324697,120.08721537566966,七股區圖書館,23.140338,120.139167,8.1639,12.845,osrm_driving
grid_R025_C007,23.107743008512347,120.0969768362715,七股區圖書館,23.140338,120.139167,8.030800000000001,10.281666666666666,osrm_driving
grid_R025_C008,23.10779856308168,120.10673832725055,七股區圖書館,23.140338,120.139167,7.601,11.065,osrm_driving
grid_R025_C009,23.107853514025123,120.11649984827862,七股區圖書館,23.140338,120.139167,6.6843,9.908333333333331,osrm_driving
grid_R025_C010,23.107907861335217,120.12626139902746,七股區圖書館,23.140338,120.139167,5.5185,8.206666666666667,osrm_driving
grid_R025_C011,23.10796160500455,120.13602297916884,七股區圖書館,23.140338,120.139167,5.5027,7.956666666666666,osrm_driving
grid_R025_C012,23.10801474502583,120.14578458837448,七股區圖書館,23.140338,120.139167,6.858899999999999,9.181666666666668,osrm_driving
grid_R025_C013,23.108067281391797,120.15554622631622,七股區圖書館,23.140338,120.139167,5.107,8.993333333333334,osrm_driving
grid_R025_C014,23.10811921409531,120.16530789266572,西港區圖書館,23.123446,120.203326,4.725899999999999,9.096666666666666,osrm_driving
grid_R025_C015,23.108170543129315,120.1750695870948,西港區圖書館,23.123446,120.203326,3.5730999999999997,6.0216666666666665,osrm_driving
grid_R025_C016,23.10822126848681,120.18483130927513,西港區圖書館,23.123446,120.203326,2.8664,4.496666666666667,osrm_driving
grid_R025_C017,23.1082713901609,120.1945930588785,西港區圖書館,23.123446,120.203326,2.7954,4.848333333333333,osrm_driving
grid_R025_C018,23.10832090814476,120.2043548355766,西港區圖書館,23.123446,120.203326,3.5117,5.66,osrm_driving
grid_R025_C019,23.108369822431648,120.2141166390412,安定區圖書館,23.114827,120.234156,3.3393,7.696666666666667,osrm_driving
grid_R025_C020,23.10841813301491,120.22387846894392,安定區圖書館,23.114827,120.234156,1.5414,4.3566666666666665,osrm_driving
grid_R025_C021,23.108465839887977,120.23364032495658,安定區圖書館,23.114827,120.234156,0.8814,1.9916666666666667,osrm_driving
grid_R025_C022,23.108512943044342,120.24340220675086,安定區圖書館,23.114827,120.234156,2.0252,5.323333333333333,osrm_driving
grid_R025_C023,23.10855944247761,120.2531641139984,安定區圖書館,23.114827,120.234156,4.8015,9.17,osrm_driving
grid_R025_C024,23.108605338181437,120.26292604637098,安定區圖書館,23.114827,120.234156,4.3914,7.298333333333333,osrm_driving
grid_R025_C025,23.108650630149587,120.27268800354022,新市區圖書館,23.079719,120.29588,5.3034,9.05,osrm_driving
grid_R025_C026,23.108695318375887,120.28244998517783,新市區圖書館,23.079719,120.29588,4.1438999999999995,6.915,osrm_driving
grid_R025_C027,23.108739402854265,120.29221199095556,善化區圖書館,23.132187,120.291606,3.0366999999999997,8.173333333333334,osrm_driving
grid_R025_C028,23.108782883578716,120.30197402054498,新市區圖書館,23.079719,120.29588,5.2989,7.94,osrm_driving
grid_R025_C029,23.10882576054332,120.31173607361782,新市區圖書館,23.079719,120.29588,5.317399999999999,7.79,osrm_driving
grid_R025_C030,23.108868033742247,120.32149814984577,山上區圖書館,23.101652,120.355209,4.5456,7.613333333333333,osrm_driving
grid_R025_C031,23.108909703169733,120.33126024890043,山上區圖書館,23.101652,120.355209,3.5452,4.746666666666667,osrm_driving
grid_R025_C032,23.10895076882011,120.34102237045347,山上區圖書館,23.101652,120.355209,2.0913000000000004,4.8133333333333335,osrm_driving
grid_R025_C033,23.108991230687796,120.35078451417662,山上區圖書館,23.101652,120.355209,1.0779,2.396666666666667,osrm_driving
grid_R025_C034,23.10903108876728,120.36054667974147,大內區圖書館,23.118915,120.357282,1.7023,4.6033333333333335,osrm_driving
grid_R025_C035,23.109070343053126,120.37030886681966,大內區圖書館,23.118915,120.357282,1.8545,2.79,osrm_driving
grid_R025_C036,23.10910899354001,120.38007107508284,大內區圖書館,23.118915,120.357282,3.7609,9.15,osrm_driving
grid_R025_C037,23.109147040222663,120.38983330420268,大內區圖書館,23.118915,120.357282,4.575699999999999,5.739999999999999,osrm_driving
grid_R025_C038,23.109184483095895,120.39959555385076,大內區圖書館,23.118915,120.357282,5.4049,14.26,osrm_driving
grid_R025_C039,23.109221322154625,120.40935782369874,山上區圖書館,23.101652,120.355209,7.249899999999999,18.626666666666665,osrm_driving
grid_R025_C040,23.10925755739383,120.41912011341824,大內區圖書館,23.118915,120.357282,9.1647,21.959999999999997,osrm_driving
grid_R025_C041,23.109293188808586,120.4288824226809,玉井區圖書館,23.123307,120.468898,5.742100000000001,16.21,osrm_driving
grid_R025_C042,23.109328216394033,120.43864475115832,玉井區圖書館,23.123307,120.468898,4.6816,10.555,osrm_driving
grid_R025_C043,23.10936264014541,120.44840709852213,玉井區圖書館,23.123307,120.468898,3.2481,5.553333333333333,osrm_driving
grid_R025_C044,23.109396460058026,120.45816946444388,玉井區圖書館,23.123307,120.468898,2.5356,4.151666666666666,osrm_driving
grid_R025_C045,23.109429676127288,120.46793184859524,玉井區圖書館,23.123307,120.468898,1.8576,6.858333333333333,osrm_driving
grid_R025_C046,23.109462288348663,120.47769425064782,玉井區圖書館,23.123307,120.468898,2.2269,4.278333333333333,osrm_driving
grid_R025_C047,23.109494296717717,120.48745667027318,玉井區圖書館,23.123307,120.468898,3.4794,9.666666666666666,osrm_driving
grid_R025_C048,23.109525701230087,120.49721910714293,玉井區圖書館,23.123307,120.468898,4.5377,13.388333333333332,osrm_driving
grid_R025_C049,23.109556501881514,120.50698156092866,玉井區圖書館,23.123307,120.468898,5.5936,18.291666666666668,osrm_driving
grid_R025_C050,23.109586698667787,120.51674403130195,玉井區圖書館,23.123307,120.468898,7.2873,27.21833333333333,osrm_driving
grid_R025_C051,23.109616291584803,120.52650651793444,南化區圖書館,23.045724,120.480301,15.2272,36.13166666666667,osrm_driving
grid_R025_C052,23.109645280628538,120.53626902049764,南化區圖書館,23.045724,120.480301,15.3631,36.945,osrm_driving
grid_R025_C053,23.109673665795047,120.5460315386632,南化區圖書館,23.045724,120.480301,14.8834,34.06333333333333,osrm_driving
grid_R025_C054,23.109701447080457,120.55579407210264,南化區圖書館,23.045724,120.480301,24.4054,37.765,osrm_driving
grid_R025_C055,23.109728624480994,120.56555662048756,南化區圖書館,23.045724,120.480301,24.5838,38.035,osrm_driving
grid_R025_C056,23.109755197992943,120.57531918348953,南化區圖書館,23.045724,120.480301,26.4448,46.888333333333335,osrm_driving
grid_R025_C057,23.10978116761272,120.5850817607801,南化區圖書館,23.045724,120.480301,25.5605,50.184999999999995,osrm_driving
grid_R026_C001,23.11642633650689,120.03834422417935,七股區圖書館,23.140338,120.139167,12.1776,28.011666666666667,osrm_driving
grid_R026_C002,23.116485538416367,120.04810618061106,七股區圖書館,23.140338,120.139167,11.368,24.678333333333335,osrm_driving
grid_R026_C003,23.11654413648396,120.0578681690705,七股區圖書館,23.140338,120.139167,10.5491,21.5,osrm_driving
grid_R026_C004,23.11660213070172,120.06763018922943,七股區圖書館,23.140338,120.139167,9.8979,18.921666666666667,osrm_driving
grid_R026_C005,23.11665952106174,120.07739224075956,七股區圖書館,23.140338,120.139167,11.9137,19.74,osrm_driving
grid_R026_C006,23.116716307556217,120.08715432333256,七股區圖書館,23.140338,120.139167,7.541300000000001,11.825,osrm_driving
grid_R026_C007,23.116772490177407,120.09691643662016,七股區圖書館,23.140338,120.139167,5.7732,10.623333333333331,osrm_driving
grid_R026_C008,23.11682806891768,120.10667858029402,七股區圖書館,23.140338,120.139167,4.8903,10.576666666666666,osrm_driving
grid_R026_C009,23.11688304376946,120.1164407540258,七股區圖書館,23.140338,120.139167,4.402,8.591666666666667,osrm_driving
grid_R026_C010,23.116937414725268,120.1262029574872,七股區圖書館,23.140338,120.139167,3.3146,6.248333333333333,osrm_driving
grid_R026_C011,23.116991181777703,120.13596519034988,七股區圖書館,23.140338,120.139167,3.2269,5.42,osrm_driving
grid_R026_C012,23.117044344919456,120.14572745228554,七股區圖書館,23.140338,120.139167,5.2541,10.665,osrm_driving
grid_R026_C013,23.11709690414328,120.1554897429658,七股區圖書館,23.140338,120.139167,4.0495,6.958333333333333,osrm_driving
grid_R026_C014,23.117148859442025,120.16525206206232,西港區圖書館,23.123446,120.203326,4.9544,8.533333333333333,osrm_driving
grid_R026_C015,23.117200210808623,120.17501440924674,西港區圖書館,23.123446,120.203326,3.9467,6.196666666666667,osrm_driving
grid_R026_C016,23.11725095823607,120.1847767841907,西港區圖書館,23.123446,120.203326,2.4417,5.201666666666667,osrm_driving
grid_R026_C017,23.117301101717484,120.19453918656586,西港區圖書館,23.123446,120.203326,1.3871,2.478333333333333,osrm_driving
grid_R026_C018,23.117350641246023,120.2043016160438,西港區圖書館,23.123446,120.203326,0.7283,1.0916666666666666,osrm_driving
grid_R026_C019,23.117399576814943,120.2140640722962,西港區圖書館,23.123446,120.203326,2.3885,4.416666666666667,osrm_driving
grid_R026_C020,23.117447908417592,120.22382655499464,安定區圖書館,23.114827,120.234156,1.4693,4.968333333333334,osrm_driving
grid_R026_C021,23.11749563604738,120.23358906381078,安定區圖書館,23.114827,120.234156,0.3513,1.2733333333333334,osrm_driving
grid_R026_C022,23.117542759697823,120.2433515984162,安定區圖書館,23.114827,120.234156,1.1142999999999998,1.8616666666666668,osrm_driving
grid_R026_C023,23.117589279362505,120.25311415848246,安定區圖書館,23.114827,120.234156,3.0436,5.613333333333333,osrm_driving
grid_R026_C024,23.117635195035085,120.26287674368125,善化區圖書館,23.132187,120.291606,4.452,8.971666666666666,osrm_driving
grid_R026_C025,23.11768050670932,120.27263935368408,善化區圖書館,23.132187,120.291606,4.1247,7.123333333333333,osrm_driving
grid_R026_C026,23.11772521437904,120.2824019881626,善化區圖書館,23.132187,120.291606,2.7339,6.138333333333334,osrm_driving
grid_R026_C027,23.11776931803816,120.29216464678836,善化區圖書館,23.132187,120.291606,2.3761,4.8983333333333325,osrm_driving
grid_R026_C028,23.117812817680672,120.30192732923294,善化區圖書館,23.132187,120.291606,2.8781999999999996,6.025,osrm_driving
grid_R026_C029,23.117855713300667,120.31169003516791,善化區圖書館,23.132187,120.291606,3.5485,5.989999999999999,osrm_driving
grid_R026_C030,23.117898004892297,120.32145276426488,大內區圖書館,23.118915,120.357282,6.3598,9.288333333333332,osrm_driving
grid_R026_C031,23.1179396924498,120.3312155161954,大內區圖書館,23.118915,120.357282,3.6727,7.25,osrm_driving
grid_R026_C032,23.117980775967517,120.340978290631,大內區圖書館,23.118915,120.357282,2.2409,3.5766666666666667,osrm_driving
grid_R026_C033,23.11802125543985,120.35074108724328,大內區圖書館,23.118915,120.357282,0.805,1.3483333333333334,osrm_driving
grid_R026_C034,23.118061130861275,120.36050390570377,大內區圖書館,23.118915,120.357282,0.3402,0.5466666666666666,osrm_driving
grid_R026_C035,23.118100402226386,120.370266745684,大內區圖書館,23.118915,120.357282,1.7957,2.5,osrm_driving
grid_R026_C036,23.118139069529818,120.38002960685554,大內區圖書館,23.118915,120.357282,2.7805999999999997,4.98,osrm_driving
grid_R026_C037,23.11817713276632,120.38979248888992,大內區圖書館,23.118915,120.357282,3.8449,4.451666666666667,osrm_driving
grid_R026_C038,23.118214591930705,120.39955539145868,大內區圖書館,23.118915,120.357282,5.1442,8.585,osrm_driving
grid_R026_C039,23.118251447017876,120.40931831423336,大內區圖書館,23.118915,120.357282,7.1507,13.683333333333334,osrm_driving
grid_R026_C040,23.11828769802281,120.41908125688548,大內區圖書館,23.118915,120.357282,8.241299999999999,18.165000000000003,osrm_driving
grid_R026_C041,23.118323344940585,120.4288442190866,大內區圖書館,23.118915,120.357282,10.2434,29.08,osrm_driving
grid_R026_C042,23.118358387766335,120.43860720050812,玉井區圖書館,23.123307,120.468898,3.758,10.525,osrm_driving
grid_R026_C043,23.1183928264953,120.4483702008217,玉井區圖書館,23.123307,120.468898,2.2998000000000003,5.8566666666666665,osrm_driving
grid_R026_C044,23.118426661122783,120.45813321969878,玉井區圖書館,23.123307,120.468898,2.0991999999999997,3.786666666666666,osrm_driving
grid_R026_C045,23.118459891644193,120.46789625681087,玉井區圖書館,23.123307,120.468898,1.0274,2.5016666666666665,osrm_driving
grid_R026_C046,23.11849251805499,120.47765931182953,玉井區圖書館,23.123307,120.468898,2.7885999999999997,5.786666666666666,osrm_driving
grid_R026_C047,23.118524540350737,120.48742238442615,玉井區圖書館,23.123307,120.468898,4.0411,11.623333333333331,osrm_driving
grid_R026_C048,23.11855595852708,120.49718547427236,玉井區圖書館,23.123307,120.468898,5.309699999999999,19.205,osrm_driving
grid_R026_C049,23.118586772579732,120.50694858103957,楠西區圖書館,23.172789,120.487278,7.4319,19.608333333333334,osrm_driving
grid_R026_C050,23.118616982504506,120.51671170439926,玉井區圖書館,23.123307,120.468898,6.767600000000001,23.9,osrm_driving
grid_R026_C051,23.118646588297295,120.526474844023,楠西區圖書館,23.172789,120.487278,10.6012,19.083333333333332,osrm_driving
grid_R026_C052,23.11867558995406,120.5362379995822,楠西區圖書館,23.172789,120.487278,10.9232,20.276666666666664,osrm_driving
grid_R026_C053,23.118703987470848,120.54600117074838,楠西區圖書館,23.172789,120.487278,11.349200000000002,21.978333333333335,osrm_driving
grid_R026_C054,23.11873178084381,120.555764357193,南化區圖書館,23.045724,120.480301,28.4328,46.20166666666667,osrm_driving
grid_R026_C055,23.11875897006914,120.56552755858756,南化區圖書館,23.045724,120.480301,27.9287,44.684999999999995,osrm_driving
grid_R026_C056,23.11878555514316,120.57529077460354,南化區圖書館,23.045724,120.480301,26.5548,40.99,osrm_driving
grid_R026_C057,23.118811536062235,120.58505400491237,南化區圖書館,23.045724,120.480301,27.339,61.04666666666667,osrm_driving
grid_R027_C002,23.125514884792448,120.04804248559564,七股區圖書館,23.140338,120.139167,11.368,24.678333333333335,osrm_driving
grid_R027_C003,23.125573508347287,120.05780512703195,七股區圖書館,23.140338,120.139167,10.0998,19.701666666666664,osrm_driving
grid_R027_C004,23.12563152778965,120.06756780017724,七股區圖書館,23.140338,120.139167,9.2055,16.12333333333333,osrm_driving
grid_R027_C005,23.12568894311165,120.07733050470304,七股區圖書館,23.140338,120.139167,8.3757,12.805,osrm_driving
grid_R027_C006,23.125745754305473,120.08709324028092,七股區圖書館,23.140338,120.139167,8.540299999999998,12.916666666666666,osrm_driving
grid_R027_C007,23.125801961363383,120.09685600658254,七股區圖書館,23.140338,120.139167,6.9063,12.896666666666668,osrm_driving
grid_R027_C008,23.125857564277727,120.10661880327952,七股區圖書館,23.140338,120.139167,4.8181,6.306666666666667,osrm_driving
grid_R027_C009,23.125912563040934,120.11638163004336,七股區圖書館,23.140338,120.139167,3.3703000000000003,5.441666666666666,osrm_driving
grid_R027_C010,23.125966957645534,120.12614448654566,七股區圖書館,23.140338,120.139167,2.6261,5.335,osrm_driving
grid_R027_C011,23.126020748084105,120.13590737245802,七股區圖書館,23.140338,120.139167,2.158,3.79,osrm_driving
grid_R027_C012,23.126073934349336,120.145670287452,七股區圖書館,23.140338,120.139167,2.6026,5.265,osrm_driving
grid_R027_C013,23.126126516433978,120.15543323119914,七股區圖書館,23.140338,120.139167,3.3958000000000004,5.8533333333333335,osrm_driving
grid_R027_C014,23.126178494330883,120.165196203371,七股區圖書館,23.140338,120.139167,4.155600000000001,6.618333333333334,osrm_driving
grid_R027_C015,23.12622986803298,120.17495920363912,西港區圖書館,23.123446,120.203326,3.3527,6.17,osrm_driving
grid_R027_C016,23.126280637533252,120.1847222316751,西港區圖書館,23.123446,120.203326,2.1397,3.485,osrm_driving
grid_R027_C017,23.126330802824818,120.19448528715036,西港區圖書館,23.123446,120.203326,1.4202,3.075,osrm_driving
grid_R027_C018,23.12638036390083,120.2042483697366,西港區圖書館,23.123446,120.203326,0.4876999999999999,1.5650000000000002,osrm_driving
grid_R027_C019,23.126429320754543,120.21401147910518,西港區圖書館,23.123446,120.203326,1.4168,2.2933333333333334,osrm_driving
grid_R027_C020,23.126477673379295,120.22377461492772,西港區圖書館,23.123446,120.203326,2.689,4.295,osrm_driving
grid_R027_C021,23.126525421768513,120.23353777687568,西港區圖書館,23.123446,120.203326,3.4151,5.238333333333333,osrm_driving
grid_R027_C022,23.126572565915684,120.24330096462064,安定區圖書館,23.114827,120.234156,1.9069,5.306666666666667,osrm_driving
grid_R027_C023,23.1266191058144,120.25306417783403,安定區圖書館,23.114827,120.234156,2.9624,5.5216666666666665,osrm_driving
grid_R027_C024,23.126665041458324,120.26282741618742,善化區圖書館,23.132187,120.291606,3.3465,5.79,osrm_driving
grid_R027_C025,23.12671037284121,120.27259067935226,善化區圖書館,23.132187,120.291606,2.4149000000000003,4.025,osrm_driving
grid_R027_C026,23.12675509995686,120.28235396700006,善化區圖書館,23.132187,120.291606,2.0047,4.831666666666666,osrm_driving
grid_R027_C027,23.12679922279921,120.29211727880232,善化區圖書館,23.132187,120.291606,0.7311,1.5416666666666667,osrm_driving
grid_R027_C028,23.12684274136225,120.30188061443047,善化區圖書館,23.132187,120.291606,1.5345,3.2116666666666664,osrm_driving
grid_R027_C029,23.12688565564006,120.31164397355604,善化區圖書館,23.132187,120.291606,2.6254,4.783333333333333,osrm_driving
grid_R027_C030,23.126927965626773,120.32140735585048,大內區圖書館,23.118915,120.357282,3.9186,4.636666666666667,osrm_driving
grid_R027_C031,23.126969671316655,120.33117076098526,大內區圖書館,23.118915,120.357282,3.3047,5.075,osrm_driving
grid_R027_C032,23.12701077270403,120.34093418863183,大內區圖書館,23.118915,120.357282,3.1351,6.706666666666666,osrm_driving
grid_R027_C033,23.12705126978328,120.3506976384617,大內區圖書館,23.118915,120.357282,1.1646,1.7933333333333332,osrm_driving
grid_R027_C034,23.127091162548915,120.36046111014626,大內區圖書館,23.118915,120.357282,1.6035,4.66,osrm_driving
grid_R027_C035,23.12713045099549,120.37022460335702,大內區圖書館,23.118915,120.357282,2.8387,5.75,osrm_driving
grid_R027_C036,23.12716913511766,120.37998811776538,大內區圖書館,23.118915,120.357282,3.2121,5.743333333333334,osrm_driving
grid_R027_C037,23.127207214910165,120.38975165304278,大內區圖書館,23.118915,120.357282,4.9408,8.695,osrm_driving
grid_R027_C038,23.12724469036781,120.39951520886068,大內區圖書館,23.118915,120.357282,5.4895,9.053333333333336,osrm_driving
grid_R027_C039,23.127281561485503,120.40927878489056,大內區圖書館,23.118915,120.357282,6.7573,9.391666666666667,osrm_driving
grid_R027_C040,23.127317828258224,120.41904238080376,大內區圖書館,23.118915,120.357282,8.6334,19.64333333333333,osrm_driving
grid_R027_C041,23.127353490681024,120.42880599627176,大內區圖書館,23.118915,120.357282,9.0905,21.378333333333337,osrm_driving
grid_R027_C042,23.127388548749057,120.43856963096594,玉井區圖書館,23.123307,120.468898,3.7555,9.551666666666668,osrm_driving
grid_R027_C043,23.12742300245755,120.44833328455778,玉井區圖書館,23.123307,120.468898,4.206600000000001,7.114999999999999,osrm_driving
grid_R027_C044,23.127456851801817,120.45809695671863,玉井區圖書館,23.123307,120.468898,1.9926,5.7316666666666665,osrm_driving
grid_R027_C045,23.12749009677724,120.46786064711998,玉井區圖書館,23.123307,120.468898,0.4978,1.3166666666666669,osrm_driving
grid_R027_C046,23.127522737379305,120.47762435543318,玉井區圖書館,23.123307,120.468898,1.4398,4.105,osrm_driving
grid_R027_C047,23.127554773603553,120.48738808132964,玉井區圖書館,23.123307,120.468898,3.2746,9.408333333333331,osrm_driving
grid_R027_C048,23.12758620544563,120.49715182448077,楠西區圖書館,23.172789,120.487278,6.2297,11.198333333333332,osrm_driving
grid_R027_C049,23.12761703290126,120.50691558455792,楠西區圖書館,23.172789,120.487278,7.6402,12.05,osrm_driving
grid_R027_C050,23.12764725596624,120.51667936123258,楠西區圖書館,23.172789,120.487278,8.045300000000001,11.145,osrm_driving
grid_R027_C051,23.12767687463646,120.52644315417604,楠西區圖書館,23.172789,120.487278,9.288,13.753333333333334,osrm_driving
grid_R027_C052,23.127705888907897,120.53620696305978,楠西區圖書館,23.172789,120.487278,10.6499,19.426666666666662,osrm_driving
grid_R027_C053,23.127734298776577,120.54597078755512,楠西區圖書館,23.172789,120.487278,11.4201,22.261666666666667,osrm_driving
grid_R027_C054,23.127762104238645,120.55573462733348,南化區圖書館,23.045724,120.480301,28.2715,45.236666666666665,osrm_driving
grid_R027_C055,23.127789305290325,120.5654984820662,南化區圖書館,23.045724,120.480301,28.1282,44.375,osrm_driving
grid_R027_C056,23.127815901927892,120.57526235142468,南化區圖書館,23.045724,120.480301,30.0818,49.038333333333334,osrm_driving
grid_R027_C057,23.127841894147743,120.58502623508028,南化區圖書館,23.045724,120.480301,31.6639,58.538333333333334,osrm_driving
grid_R027_C058,23.127867281946337,120.5947901327044,南化區圖書館,23.045724,120.480301,28.7094,50.336666666666666,osrm_driving
grid_R028_C002,23.13454422067007,120.04797875854294,七股區圖書館,23.140338,120.139167,10.5632,21.555,osrm_driving
grid_R028_C003,23.13460286971544,120.05774205328451,七股區圖書館,23.140338,120.139167,9.6581,17.935,osrm_driving
grid_R028_C004,23.134660914385694,120.06750537974447,七股區圖書館,23.140338,120.139167,8.565,15.278333333333334,osrm_driving
grid_R028_C005,23.134718354672916,120.07726873759432,七股區圖書館,23.140338,120.139167,9.2448,11.278333333333334,osrm_driving
grid_R028_C006,23.134775190569293,120.08703212650556,七股區圖書館,23.140338,120.139167,9.4685,11.095,osrm_driving
grid_R028_C007,23.134831422067094,120.09679554614964,七股區圖書館,23.140338,120.139167,9.7777,15.956666666666669,osrm_driving
grid_R028_C008,23.13488704915865,120.1065589961981,七股區圖書館,23.140338,120.139167,4.3419,11.115,osrm_driving
grid_R028_C009,23.1349420718364,120.11632247632244,七股區圖書館,23.140338,120.139167,2.9389000000000003,4.7733333333333325,osrm_driving
grid_R028_C010,23.13499649009285,120.12608598619408,七股區圖書館,23.140338,120.139167,1.791,2.431666666666666,osrm_driving
grid_R028_C011,23.135050303920593,120.13584952548452,七股區圖書館,23.140338,120.139167,1.2254,2.378333333333333,osrm_driving
grid_R028_C012,23.135103513312306,120.14561309386528,七股區圖書館,23.140338,120.139167,1.5345,2.925,osrm_driving
grid_R028_C013,23.135156118260745,120.15537669100776,七股區圖書館,23.140338,120.139167,3.3206,5.52,osrm_driving
grid_R028_C014,23.135208118758733,120.1651403165834,七股區圖書館,23.140338,120.139167,3.766,5.425,osrm_driving
grid_R028_C015,23.135259514799213,120.17490397026371,西港區圖書館,23.123446,120.203326,4.0833,7.801666666666667,osrm_driving
grid_R028_C016,23.13531030637519,120.18466765172012,西港區圖書館,23.123446,120.203326,3.1758,5.118333333333334,osrm_driving
grid_R028_C017,23.135360493479723,120.19443136062404,西港區圖書館,23.123446,120.203326,1.8265,4.091666666666667,osrm_driving
grid_R028_C018,23.135410076106012,120.20419509664691,西港區圖書館,23.123446,120.203326,1.7673,5.251666666666667,osrm_driving
grid_R028_C019,23.13545905424728,120.2139588594602,西港區圖書館,23.123446,120.203326,2.3291,3.3800000000000003,osrm_driving
grid_R028_C020,23.13550742789688,120.2237226487353,西港區圖書館,23.123446,120.203326,3.3806,5.33,osrm_driving
grid_R028_C021,23.13555519704821,120.23348646414364,西港區圖書館,23.123446,120.203326,4.4276,6.501666666666667,osrm_driving
grid_R028_C022,23.135602361694776,120.2432503053566,西港區圖書館,23.123446,120.203326,5.278899999999999,7.231666666666667,osrm_driving
grid_R028_C023,23.13564892183016,120.25301417204564,安定區圖書館,23.114827,120.234156,4.504,10.968333333333334,osrm_driving
grid_R028_C024,23.135694877448017,120.26277806388217,善化區圖書館,23.132187,120.291606,3.6887,6.3133333333333335,osrm_driving
grid_R028_C025,23.13574022854209,120.2725419805375,善化區圖書館,23.132187,120.291606,2.6892,6.218333333333334,osrm_driving
grid_R028_C026,23.135784975106212,120.2823059216831,善化區圖書館,23.132187,120.291606,1.4175,3.1116666666666664,osrm_driving
grid_R028_C027,23.13582911713429,120.29206988699032,善化區圖書館,23.132187,120.291606,0.8781,2.02,osrm_driving
grid_R028_C028,23.135872654620304,120.3018338761306,善化區圖書館,23.132187,120.291606,1.5451,3.9183333333333334,osrm_driving
grid_R028_C029,23.135915587558333,120.31159788877528,善化區圖書館,23.132187,120.291606,2.4834,6.153333333333333,osrm_driving
grid_R028_C030,23.135957915942537,120.3213619245957,善化區圖書館,23.132187,120.291606,4.248399999999999,6.6866666666666665,osrm_driving
grid_R028_C031,23.135999639767153,120.3311259832633,大內區圖書館,23.118915,120.357282,5.0053,7.8983333333333325,osrm_driving
grid_R028_C032,23.136040759026493,120.3408900644494,大內區圖書館,23.118915,120.357282,5.8865,11.416666666666666,osrm_driving
grid_R028_C033,23.136081273714964,120.35065416782538,大內區圖書館,23.118915,120.357282,2.17,3.3033333333333332,osrm_driving
grid_R028_C034,23.136121183827044,120.3604182930626,大內區圖書館,23.118915,120.357282,3.278,11.743333333333334,osrm_driving
grid_R028_C035,23.136160489357312,120.37018243983242,大內區圖書館,23.118915,120.357282,4.7112,10.186666666666667,osrm_driving
grid_R028_C036,23.13619919030041,120.37994660780616,大內區圖書館,23.118915,120.357282,5.061,8.683333333333334,osrm_driving
grid_R028_C037,23.136237286651053,120.38971079665518,大內區圖書館,23.118915,120.357282,6.7177,12.465,osrm_driving
grid_R028_C038,23.136274778404083,120.3994750060508,大內區圖書館,23.118915,120.357282,7.6782,11.256666666666666,osrm_driving
grid_R028_C039,23.136311665554377,120.40923923566436,大內區圖書館,23.118915,120.357282,7.2015,9.428333333333336,osrm_driving
grid_R028_C040,23.13634794809692,120.41900348516724,玉井區圖書館,23.123307,120.468898,6.4056999999999995,14.043333333333331,osrm_driving
grid_R028_C041,23.136383626026763,120.42876775423072,玉井區圖書館,23.123307,120.468898,5.2678,8.361666666666666,osrm_driving
grid_R028_C042,23.136418699339064,120.43853204252612,玉井區圖書館,23.123307,120.468898,4.3447,7.896666666666667,osrm_driving
grid_R028_C043,23.136453168029036,120.44829634972484,玉井區圖書館,23.123307,120.468898,5.427899999999999,14.601666666666668,osrm_driving
grid_R028_C044,23.13648703209199,120.45806067549807,玉井區圖書館,23.123307,120.468898,2.9701999999999997,7.931666666666667,osrm_driving
grid_R028_C045,23.13652029152331,120.46782501951722,玉井區圖書館,23.123307,120.468898,1.6433,3.67,osrm_driving
grid_R028_C046,23.13655294631848,120.47758938145358,玉井區圖書館,23.123307,120.468898,2.1717,3.7666666666666666,osrm_driving
grid_R028_C047,23.136584996473037,120.48735376097842,楠西區圖書館,23.172789,120.487278,4.6523,6.675,osrm_driving
grid_R028_C048,23.13661644198263,120.49711815776308,楠西區圖書館,23.172789,120.487278,5.2095,6.930000000000001,osrm_driving
grid_R028_C049,23.13664728284297,120.50688257147884,楠西區圖書館,23.172789,120.487278,6.6215,9.086666666666668,osrm_driving
grid_R028_C050,23.136677519049865,120.51664700179704,楠西區圖書館,23.172789,120.487278,8.5037,18.295,osrm_driving
grid_R028_C051,23.136707150599197,120.52641144838888,楠西區圖書館,23.172789,120.487278,9.5721,22.35666666666667,osrm_driving
grid_R028_C052,23.136736177486927,120.53617591092576,楠西區圖書館,23.172789,120.487278,12.4131,26.205,osrm_driving
grid_R028_C053,23.136764599709107,120.54594038907886,楠西區圖書館,23.172789,120.487278,13.6741,31.591666666666665,osrm_driving
grid_R028_C054,23.136792417261866,120.55570488251956,楠西區圖書館,23.172789,120.487278,13.5584,31.13,osrm_driving
grid_R028_C055,23.136819630141407,120.56546939091903,南化區圖書館,23.045724,120.480301,28.6946,45.195,osrm_driving
grid_R028_C056,23.13684623834404,120.57523391394868,南化區圖書館,23.045724,120.480301,36.1201,66.43833333333333,osrm_driving
grid_R028_C057,23.13687224186614,120.58499845127972,南化區圖書館,23.045724,120.480301,31.3663,50.3,osrm_driving
grid_R028_C058,23.13689764070416,120.59476300258338,南化區圖書館,23.045724,120.480301,30.2745,59.72666666666667,osrm_driving
grid_R029_C003,23.143632220585246,120.05767894781872,七股區圖書館,23.140338,120.139167,8.565,15.278333333333334,osrm_driving
grid_R029_C004,23.143690290486656,120.06744292792186,七股區圖書館,23.140338,120.139167,8.565,15.278333333333334,osrm_driving
grid_R029_C005,23.143747755742343,120.07720693942426,七股區圖書館,23.140338,120.139167,8.502,15.026666666666667,osrm_driving
grid_R029_C006,23.14380461634449,120.0869709819973,七股區圖書館,23.140338,120.139167,7.6483,11.611666666666668,osrm_driving
grid_R029_C007,23.14386087228534,120.09673505531237,七股區圖書館,23.140338,120.139167,7.1661,12.828333333333337,osrm_driving
grid_R029_C008,23.14391652355725,120.10649915904084,七股區圖書館,23.140338,120.139167,3.9923,4.680000000000001,osrm_driving
grid_R029_C009,23.143971570152644,120.11626329285416,七股區圖書館,23.140338,120.139167,3.1993,5.09,osrm_driving
grid_R029_C010,23.144026012064025,120.12602745642369,七股區圖書館,23.140338,120.139167,2.9899,5.585,osrm_driving
grid_R029_C011,23.144079849283976,120.13579164942078,七股區圖書館,23.140338,120.139167,0.8329,1.34,osrm_driving
grid_R029_C012,23.14413308180517,120.14555587151683,七股區圖書館,23.140338,120.139167,1.0625,1.9916666666666667,osrm_driving
grid_R029_C013,23.144185709620363,120.15532012238316,七股區圖書館,23.140338,120.139167,2.2086,3.193333333333334,osrm_driving
grid_R029_C014,23.144237732722388,120.1650844016912,七股區圖書館,23.140338,120.139167,3.1782,6.510000000000001,osrm_driving
grid_R029_C015,23.144289151104164,120.1748487091122,佳里區圖書館,23.168818,120.177358,3.897,7.503333333333333,osrm_driving
grid_R029_C016,23.14433996475869,120.18461304431762,佳里區圖書館,23.168818,120.177358,3.4784,7.233333333333333,osrm_driving
grid_R029_C017,23.14439017367905,120.19437740697876,西港區圖書館,23.123446,120.203326,3.2721,5.806666666666667,osrm_driving
grid_R029_C018,23.144439777858395,120.2041417967669,西港區圖書館,23.123446,120.203326,4.1158,6.9816666666666665,osrm_driving
grid_R029_C019,23.144488777289993,120.21390621335344,西港區圖書館,23.123446,120.203326,3.5742,4.975,osrm_driving
grid_R029_C020,23.14453717196716,120.22367065640968,西港區圖書館,23.123446,120.203326,3.8292,5.495,osrm_driving
grid_R029_C021,23.144584961883304,120.23343512560696,西港區圖書館,23.123446,120.203326,5.0331,7.218333333333334,osrm_driving
grid_R029_C022,23.14463214703193,120.24319962061656,麻豆區圖書館,23.182663,120.248463,4.9142,9.133333333333333,osrm_driving
grid_R029_C023,23.144678727406607,120.2529641411098,善化區圖書館,23.132187,120.291606,6.1546,17.815,osrm_driving
grid_R029_C024,23.144724703000993,120.262728686758,善化區圖書館,23.132187,120.291606,4.0958000000000006,9.08,osrm_driving
grid_R029_C025,23.14477007380883,120.27249325723244,善化區圖書館,23.132187,120.291606,2.5706,4.306666666666667,osrm_driving
grid_R029_C026,23.144814839823933,120.28225785220448,善化區圖書館,23.132187,120.291606,1.8949,4.525,osrm_driving
grid_R029_C027,23.144859001040228,120.29202247134532,善化區圖書館,23.132187,120.291606,1.9095,4.683333333333334,osrm_driving
grid_R029_C028,23.14490255745168,120.30178711432632,善化區圖書館,23.132187,120.291606,2.7176,4.878333333333333,osrm_driving
grid_R029_C029,23.144945509052366,120.31155178081872,善化區圖書館,23.132187,120.291606,3.3126,7.680000000000001,osrm_driving
grid_R029_C030,23.144987855836444,120.3213164704938,大內區圖書館,23.118915,120.357282,6.2455,9.72,osrm_driving
grid_R029_C031,23.145029597798136,120.33108118302285,大內區圖書館,23.118915,120.357282,5.8113,8.815,osrm_driving
grid_R029_C032,23.145070734931767,120.34084591807712,大內區圖書館,23.118915,120.357282,6.8576999999999995,13.891666666666667,osrm_driving
grid_R029_C033,23.14511126723174,120.35061067532789,大內區圖書館,23.118915,120.357282,3.1696,4.8,osrm_driving
grid_R029_C034,23.145151194692534,120.36037545444638,大內區圖書館,23.118915,120.357282,4.7928999999999995,10.498333333333331,osrm_driving
grid_R029_C035,23.145190517308706,120.37014025510388,官田區圖書館,23.192647,120.314115,10.418,10.821666666666664,osrm_driving
grid_R029_C036,23.145229235074904,120.37990507697168,大內區圖書館,23.118915,120.357282,5.2678,8.561666666666667,osrm_driving
grid_R029_C037,23.145267347985857,120.38966991972092,大內區圖書館,23.118915,120.357282,6.3186,10.485,osrm_driving
grid_R029_C038,23.14530485603638,120.39943478302293,大內區圖書館,23.118915,120.357282,8.0078,10.693333333333332,osrm_driving
grid_R029_C039,23.145341759221356,120.4091996665489,大內區圖書館,23.118915,120.357282,8.7404,14.246666666666666,osrm_driving
grid_R029_C040,23.14537805753577,120.41896456997011,玉井區圖書館,23.123307,120.468898,6.8483,10.4,osrm_driving
grid_R029_C041,23.145413750974676,120.42872949295776,玉井區圖書館,23.123307,120.468898,6.0163,9.58,osrm_driving
grid_R029_C042,23.14544883953322,120.43849443518307,玉井區圖書館,23.123307,120.468898,5.410699999999999,11.18,osrm_driving
grid_R029_C043,23.145483323206612,120.4482593963173,玉井區圖書館,23.123307,120.468898,5.432300000000001,11.645,osrm_driving
grid_R029_C044,23.14551720199016,120.45802437603162,玉井區圖書館,23.123307,120.468898,3.7784,9.901666666666667,osrm_driving
grid_R029_C045,23.14555047587926,120.46778937399728,玉井區圖書館,23.123307,120.468898,2.6471,4.663333333333333,osrm_driving
grid_R029_C046,23.145583144869377,120.47755438988548,楠西區圖書館,23.172789,120.487278,4.267399999999999,7.183333333333334,osrm_driving
grid_R029_C047,23.14561520895606,120.48731942336742,楠西區圖書館,23.172789,120.487278,3.5134000000000003,4.861666666666666,osrm_driving
grid_R029_C048,23.145646668134937,120.49708447411432,楠西區圖書館,23.172789,120.487278,4.7867,7.406666666666666,osrm_driving
grid_R029_C049,23.145677522401737,120.50684954179738,楠西區圖書館,23.172789,120.487278,6.4557,13.128333333333334,osrm_driving
grid_R029_C050,23.14570777175225,120.5166146260878,楠西區圖書館,23.172789,120.487278,8.2113,16.971666666666668,osrm_driving
grid_R029_C051,23.14573741618236,120.52637972665674,楠西區圖書館,23.172789,120.487278,10.1596,24.791666666666668,osrm_driving
grid_R029_C052,23.145766455688033,120.53614484317544,楠西區圖書館,23.172789,120.487278,11.0691,28.341666666666665,osrm_driving
grid_R029_C053,23.14579489026531,120.54590997531504,楠西區圖書館,23.172789,120.487278,13.5974,31.07,osrm_driving
grid_R029_C054,23.145822719910324,120.55567512274676,楠西區圖書館,23.172789,120.487278,10.6414,30.151666666666664,osrm_driving
grid_R029_C055,23.14584994461928,120.5654402851418,南化區圖書館,23.045724,120.480301,37.5475,74.99166666666666,osrm_driving
grid_R029_C056,23.145876564388477,120.57520546217133,南化區圖書館,23.045724,120.480301,36.892199999999995,71.05166666666668,osrm_driving
grid_R029_C057,23.145902579214287,120.58497065350647,南化區圖書館,23.045724,120.480301,32.0817,49.27833333333333,osrm_driving
grid_R029_C058,23.145927989093163,120.59473585881848,南化區圖書館,23.045724,120.480301,33.5129,56.233333333333334,osrm_driving
grid_R029_C059,23.145952794021653,120.60450107777842,南化區圖書館,23.045724,120.480301,30.333599999999997,57.99,osrm_driving
grid_R029_C060,23.14597699399637,120.61426631005756,南化區圖書館,23.045724,120.480301,30.6534,56.76166666666666,osrm_driving
grid_R030_C003,23.152661560953497,120.05761581062508,七股區圖書館,23.140338,120.139167,8.0419,12.31,osrm_driving
grid_R030_C004,23.15271965608935,120.0673804447,七股區圖書館,23.140338,120.139167,8.0402,12.303333333333336,osrm_driving
grid_R030_C005,23.15277714631674,120.07714511018354,七股區圖書館,23.140338,120.139167,7.9022,11.751666666666669,osrm_driving
grid_R030_C006,23.152834031627854,120.086909806747,七股區圖書館,23.140338,120.139167,6.9355,8.065,osrm_driving
grid_R030_C007,23.152890312014954,120.09667453406163,七股區圖書館,23.140338,120.139167,5.902,6.775,osrm_driving
grid_R030_C008,23.152945987470357,120.10643929179876,七股區圖書館,23.140338,120.139167,4.8863,5.656666666666666,osrm_driving
grid_R030_C009,23.153001057986504,120.1162040796297,七股區圖書館,23.140338,120.139167,3.643,5.6433333333333335,osrm_driving
grid_R030_C010,23.15305552355588,120.12596889722572,七股區圖書館,23.140338,120.139167,3.5099,8.02,osrm_driving
grid_R030_C011,23.15310938417107,120.13573374425808,七股區圖書館,23.140338,120.139167,2.9935,4.8133333333333335,osrm_driving
grid_R030_C012,23.153162639824767,120.14549862039804,七股區圖書館,23.140338,120.139167,1.9018,3.0833333333333335,osrm_driving
grid_R030_C013,23.153215290509685,120.15526352531693,七股區圖書館,23.140338,120.139167,2.4266,3.4366666666666665,osrm_driving
grid_R030_C014,23.153267336218676,120.16502845868592,七股區圖書館,23.140338,120.139167,3.185,5.760000000000001,osrm_driving
grid_R030_C015,23.153318776944648,120.17479342017634,佳里區圖書館,23.168818,120.177358,1.9708,5.336666666666667,osrm_driving
grid_R030_C016,23.153369612680596,120.1845584094594,佳里區圖書館,23.168818,120.177358,2.23,3.9066666666666663,osrm_driving
grid_R030_C017,23.1534198434196,120.19432342620638,佳里區圖書館,23.168818,120.177358,3.5789,5.908333333333333,osrm_driving
grid_R030_C018,23.153469469154825,120.2040884700885,西港區圖書館,23.123446,120.203326,5.0602,7.933333333333334,osrm_driving
grid_R030_C019,23.15351848987951,120.21385354077697,西港區圖書館,23.123446,120.203326,4.288,6.826666666666667,osrm_driving
grid_R030_C020,23.153566905586977,120.22361863794302,西港區圖書館,23.123446,120.203326,5.0524,9.395,osrm_driving
grid_R030_C021,23.15361471627064,120.2333837612579,西港區圖書館,23.123446,120.203326,5.392399999999999,6.458333333333333,osrm_driving
grid_R030_C022,23.153661921923984,120.24314891039282,麻豆區圖書館,23.182663,120.248463,3.5843000000000003,5.716666666666667,osrm_driving
grid_R030_C023,23.15370852254058,120.252914085019,麻豆區圖書館,23.182663,120.248463,5.5583,16.365,osrm_driving
grid_R030_C024,23.15375451811409,120.26267928480762,麻豆區圖書館,23.182663,120.248463,5.6321,10.813333333333333,osrm_driving
grid_R030_C025,23.153799908638245,120.27244450942987,麻豆區圖書館,23.182663,120.248463,5.115600000000001,8.603333333333333,osrm_driving
grid_R030_C026,23.153844694106873,120.28220975855704,善化區圖書館,23.132187,120.291606,3.02,6.466666666666667,osrm_driving
grid_R030_C027,23.153888874513875,120.29197503186022,善化區圖書館,23.132187,120.291606,3.0944000000000003,5.17,osrm_driving
grid_R030_C028,23.153932449853215,120.30174032901066,善化區圖書館,23.132187,120.291606,2.9831999999999996,5.068333333333333,osrm_driving
grid_R030_C029,23.153975420118982,120.31150564967948,善化區圖書館,23.132187,120.291606,4.1003,6.941666666666666,osrm_driving
grid_R030_C030,23.15401778530532,120.32127099353794,善化區圖書館,23.132187,120.291606,5.0968,8.436666666666666,osrm_driving
grid_R030_C031,23.15405954540646,120.33103636025714,官田區圖書館,23.192647,120.314115,8.0597,8.525,osrm_driving
grid_R030_C032,23.15410070041671,120.34080174950832,大內區圖書館,23.118915,120.357282,4.737100000000001,11.07,osrm_driving
grid_R030_C033,23.154141250330472,120.3505671609626,大內區圖書館,23.118915,120.357282,4.243600000000001,6.878333333333333,osrm_driving
grid_R030_C034,23.15418119514222,120.36033259429112,大內區圖書館,23.118915,120.357282,5.195600000000001,12.703333333333337,osrm_driving
grid_R030_C035,23.154220534846516,120.37009804916512,大內區圖書館,23.118915,120.357282,6.0471,17.011666666666667,osrm_driving
grid_R030_C036,23.154259269438008,120.37986352525569,大內區圖書館,23.118915,120.357282,7.406,12.973333333333333,osrm_driving
grid_R030_C037,23.15429739891142,120.38962902223392,大內區圖書館,23.118915,120.357282,7.2526,11.436666666666667,osrm_driving
grid_R030_C038,23.154334923261555,120.39939453977108,大內區圖書館,23.118915,120.357282,8.4034,13.385,osrm_driving
grid_R030_C039,23.154371842483304,120.40916007753825,玉井區圖書館,23.123307,120.468898,9.023700000000002,16.348333333333333,osrm_driving
grid_R030_C040,23.15440815657164,120.41892563520652,玉井區圖書館,23.123307,120.468898,7.4275,12.268333333333334,osrm_driving
grid_R030_C041,23.15444386552162,120.42869121244712,玉井區圖書館,23.123307,120.468898,8.1613,15.405,osrm_driving
grid_R030_C042,23.154478969328387,120.43845680893112,玉井區圖書館,23.123307,120.468898,6.6086,15.353333333333332,osrm_driving
grid_R030_C043,23.154513467987147,120.44822242432964,玉井區圖書館,23.123307,120.468898,6.1114,10.223333333333333,osrm_driving
grid_R030_C044,23.15454736149321,120.45798805831384,玉井區圖書館,23.123307,120.468898,4.444,12.451666666666666,osrm_driving
grid_R030_C045,23.154580649841964,120.46775371055476,玉井區圖書館,23.123307,120.468898,4.4197,12.413333333333332,osrm_driving
grid_R030_C046,23.154613333028863,120.47751938072362,楠西區圖書館,23.172789,120.487278,3.7873,9.326666666666666,osrm_driving
grid_R030_C047,23.15464541104948,120.48728506849145,楠西區圖書館,23.172789,120.487278,2.1077,2.5966666666666667,osrm_driving
grid_R030_C048,23.15467688389943,120.4970507735294,楠西區圖書館,23.172789,120.487278,3.7464,9.31,osrm_driving
grid_R030_C049,23.154707751574424,120.50681649550852,楠西區圖書館,23.172789,120.487278,3.9906,11.95,osrm_driving
grid_R030_C050,23.154738014070265,120.51658223409996,楠西區圖書館,23.172789,120.487278,4.9701,13.726666666666668,osrm_driving
grid_R030_C051,23.15476767138283,120.52634798897483,楠西區圖書館,23.172789,120.487278,10.1645,25.06,osrm_driving
grid_R030_C052,23.15479672350809,120.5361137598042,楠西區圖書館,23.172789,120.487278,6.4778,19.623333333333335,osrm_driving
grid_R030_C053,23.15482517044207,120.54587954625912,楠西區圖書館,23.172789,120.487278,10.6414,30.151666666666664,osrm_driving
grid_R030_C054,23.15485301218091,120.55564534801071,楠西區圖書館,23.172789,120.487278,10.6414,30.151666666666664,osrm_driving
grid_R030_C055,23.154880248720815,120.5654111647301,楠西區圖書館,23.172789,120.487278,17.3462,59.473333333333336,osrm_driving
grid_R030_C056,23.154906880058075,120.57517699608827,南化區圖書館,23.045724,120.480301,34.436,56.29,osrm_driving
grid_R030_C057,23.154932906189064,120.58494284175642,南化區圖書館,23.045724,120.480301,33.6836,52.233333333333334,osrm_driving
grid_R030_C058,23.154958327110236,120.59470870140554,南化區圖書館,23.045724,120.480301,35.6091,60.59166666666667,osrm_driving
grid_R030_C059,23.154983142818132,120.6044745747067,南化區圖書館,23.045724,120.480301,36.5614,66.24166666666666,osrm_driving
grid_R030_C060,23.15500735330937,120.61424046133104,南化區圖書館,23.045724,120.480301,33.0274,71.00833333333334,osrm_driving
grid_R031_C003,23.16169089081701,120.05755264169412,七股區圖書館,23.140338,120.139167,8.9946,16.12,osrm_driving
grid_R031_C004,23.161749011190576,120.06731793006956,七股區圖書館,23.140338,120.139167,8.9946,16.12,osrm_driving
grid_R031_C005,23.16180652639293,120.07708324986292,七股區圖書館,23.140338,120.139167,8.9946,16.12,osrm_driving
grid_R031_C006,23.16186343641623,120.08684860074548,七股區圖書館,23.140338,120.139167,7.6845,8.875,osrm_driving
grid_R031_C007,23.16191974125274,120.0966139823884,七股區圖書館,23.140338,120.139167,6.9487,8.625,osrm_driving
grid_R031_C008,23.16197544089479,120.10637939446292,七股區圖書館,23.140338,120.139167,6.2192,7.725,osrm_driving
grid_R031_C009,23.162030535334782,120.11614483664016,七股區圖書館,23.140338,120.139167,4.791399999999999,10.856666666666666,osrm_driving
grid_R031_C010,23.16208502456524,120.1259103085914,七股區圖書館,23.140338,120.139167,3.9558,7.621666666666667,osrm_driving
grid_R031_C011,23.16213890857873,120.13567580998776,七股區圖書館,23.140338,120.139167,3.4477,5.548333333333333,osrm_driving
grid_R031_C012,23.162192187367904,120.14544134050038,七股區圖書館,23.140338,120.139167,3.5629,4.8516666666666675,osrm_driving
grid_R031_C013,23.162244860925533,120.15520689980052,七股區圖書館,23.140338,120.139167,3.5194,4.8516666666666675,osrm_driving
grid_R031_C014,23.162296929244427,120.16497248755928,佳里區圖書館,23.168818,120.177358,2.0214000000000003,4.586666666666667,osrm_driving
grid_R031_C015,23.162348392317497,120.17473810344784,佳里區圖書館,23.168818,120.177358,1.1205999999999998,3.066666666666667,osrm_driving
grid_R031_C016,23.162399250137742,120.1845037471373,佳里區圖書館,23.168818,120.177358,1.3775,3.4650000000000003,osrm_driving
grid_R031_C017,23.162449502698237,120.19426941829887,佳里區圖書館,23.168818,120.177358,2.867,5.3983333333333325,osrm_driving
grid_R031_C018,23.162499149992133,120.20403511660368,佳里區圖書館,23.168818,120.177358,3.989,9.651666666666667,osrm_driving
grid_R031_C019,23.162548192012668,120.21380084172289,麻豆區圖書館,23.182663,120.248463,6.088,8.49,osrm_driving
grid_R031_C020,23.16259662875317,120.22356659332756,麻豆區圖書館,23.182663,120.248463,4.5145,8.558333333333334,osrm_driving
grid_R031_C021,23.162644460207048,120.23333237108882,麻豆區圖書館,23.182663,120.248463,3.4957,8.325,osrm_driving
grid_R031_C022,23.162691686367772,120.24309817467784,麻豆區圖書館,23.182663,120.248463,2.6712,5.864999999999999,osrm_driving
grid_R031_C023,23.16273830722893,120.25286400376572,麻豆區圖書館,23.182663,120.248463,2.9269000000000003,5.248333333333333,osrm_driving
grid_R031_C024,23.16278432278417,120.26262985802356,麻豆區圖書館,23.182663,120.248463,3.5063,6.47,osrm_driving
grid_R031_C025,23.162829733027205,120.27239573712244,麻豆區圖書館,23.182663,120.248463,4.209899999999999,5.466666666666667,osrm_driving
grid_R031_C026,23.16287453795188,120.28216164073352,麻豆區圖書館,23.182663,120.248463,5.0993,8.616666666666667,osrm_driving
grid_R031_C027,23.16291873755208,120.29192756852788,善化區圖書館,23.132187,120.291606,4.5199,11.066666666666666,osrm_driving
grid_R031_C028,23.162962331821777,120.30169352017654,善化區圖書館,23.132187,120.291606,4.3754,9.611666666666668,osrm_driving
grid_R031_C029,23.163005320755055,120.31145949535068,善化區圖書館,23.132187,120.291606,5.049300000000001,10.931666666666668,osrm_driving
grid_R031_C030,23.163047704346045,120.3212254937213,善化區圖書館,23.132187,120.291606,5.6202,10.973333333333333,osrm_driving
grid_R031_C031,23.163089482588983,120.33099151495954,官田區圖書館,23.192647,120.314115,6.8488,7.461666666666667,osrm_driving
grid_R031_C032,23.163130655478177,120.34075755873644,官田區圖書館,23.192647,120.314115,6.1161,6.47,osrm_driving
grid_R031_C033,23.163171223008018,120.35052362472304,大內區圖書館,23.118915,120.357282,7.664899999999999,7.005,osrm_driving
grid_R031_C034,23.16321118517298,120.36028971259049,官田區圖書館,23.192647,120.314115,10.2396,15.436666666666667,osrm_driving
grid_R031_C035,23.163250541967628,120.37005582200972,官田區圖書館,23.192647,120.314115,9.4542,11.186666666666667,osrm_driving
grid_R031_C036,23.163289293386597,120.37982195265192,大內區圖書館,23.118915,120.357282,9.4022,17.013333333333332,osrm_driving
grid_R031_C037,23.16332743942461,120.38958810418806,大內區圖書館,23.118915,120.357282,8.2753,16.833333333333332,osrm_driving
grid_R031_C038,23.163364980076476,120.39935427628922,大內區圖書館,23.118915,120.357282,9.1507,15.463333333333331,osrm_driving
grid_R031_C039,23.16340191533708,120.4091204686264,大內區圖書館,23.118915,120.357282,10.0263,18.81833333333333,osrm_driving
grid_R031_C040,23.16343824520139,120.41888668087068,大內區圖書館,23.118915,120.357282,11.7565,25.81,osrm_driving
grid_R031_C041,23.163473969664462,120.42865291269308,玉井區圖書館,23.123307,120.468898,8.9046,18.376666666666665,osrm_driving
grid_R031_C042,23.16350908872143,120.43841916376462,玉井區圖書館,23.123307,120.468898,7.4011,18.83,osrm_driving
grid_R031_C043,23.163543602367515,120.44818543375636,玉井區圖書館,23.123307,120.468898,7.2769,14.756666666666666,osrm_driving
grid_R031_C044,23.163577510598003,120.45795172233926,楠西區圖書館,23.172789,120.487278,7.8505,11.498333333333331,osrm_driving
grid_R031_C045,23.16361081340829,120.4677180291844,楠西區圖書館,23.172789,120.487278,7.5764,15.15,osrm_driving
grid_R031_C046,23.16364351079384,120.47748435396278,楠西區圖書館,23.172789,120.487278,1.891,7.118333333333334,osrm_driving
grid_R031_C047,23.1636756027502,120.4872506963454,楠西區圖書館,23.172789,120.487278,1.175,1.7083333333333333,osrm_driving
grid_R031_C048,23.163707089272982,120.49701705600329,楠西區圖書館,23.172789,120.487278,1.8873,3.4233333333333333,osrm_driving
grid_R031_C049,23.16373797035792,120.5067834326074,楠西區圖書館,23.172789,120.487278,2.7125,4.556666666666667,osrm_driving
grid_R031_C050,23.1637682460008,120.5165498258288,楠西區圖書館,23.172789,120.487278,4.1025,10.116666666666667,osrm_driving
grid_R031_C051,23.163797916197495,120.52631623533844,楠西區圖書館,23.172789,120.487278,5.2595,14.743333333333334,osrm_driving
grid_R031_C052,23.163826980943973,120.53608266080734,楠西區圖書館,23.172789,120.487278,6.3342,19.043333333333333,osrm_driving
grid_R031_C053,23.163855440236265,120.5458491019065,楠西區圖書館,23.172789,120.487278,10.4583,27.705,osrm_driving
grid_R031_C054,23.16388329407051,120.55561555830693,楠西區圖書館,23.172789,120.487278,10.8354,31.461666666666662,osrm_driving
grid_R031_C055,23.163910542442895,120.56538202967953,楠西區圖書館,23.172789,120.487278,16.9892,57.32833333333333,osrm_driving
grid_R031_C056,23.16393718534973,120.57514851569536,楠西區圖書館,23.172789,120.487278,16.051299999999998,51.705000000000005,osrm_driving
grid_R031_C057,23.16396322278736,120.58491501602536,南化區圖書館,23.045724,120.480301,35.7382,60.105,osrm_driving
grid_R031_C058,23.16398865475227,120.59468153034054,楠西區圖書館,23.172789,120.487278,45.055699999999995,55.175,osrm_driving
grid_R031_C059,23.16401348124097,120.60444805831185,楠西區圖書館,23.172789,120.487278,47.5273,70.02666666666667,osrm_driving
grid_R031_C060,23.164037702250095,120.61421459961028,南化區圖書館,23.045724,120.480301,33.469199999999994,73.70166666666667,osrm_driving
grid_R031_C061,23.16406131777635,120.62398115390678,南化區圖書館,23.045724,120.480301,34.7608,50.56666666666667,osrm_driving
grid_R032_C003,23.170720210172597,120.05748944101646,七股區圖書館,23.140338,120.139167,12.9145,22.68166666666667,osrm_driving
grid_R032_C004,23.17077835578716,120.06725538402114,七股區圖書館,23.140338,120.139167,10.3503,17.978333333333335,osrm_driving
grid_R032_C005,23.170835895967713,120.07702135845317,七股區圖書館,23.140338,120.139167,10.3145,17.834999999999997,osrm_driving
grid_R032_C006,23.170892830706418,120.0867873639836,七股區圖書館,23.140338,120.139167,9.3147,13.835,osrm_driving
grid_R032_C007,23.17094915999552,120.0965534002836,七股區圖書館,23.140338,120.139167,7.9617,10.283333333333331,osrm_driving
grid_R032_C008,23.171004883827347,120.10631946702428,七股區圖書館,23.140338,120.139167,7.142399999999999,9.143333333333334,osrm_driving
grid_R032_C009,23.17106000219432,120.1160855638767,七股區圖書館,23.140338,120.139167,7.6471,10.936666666666667,osrm_driving
grid_R032_C010,23.171114515088927,120.12585169051196,七股區圖書館,23.140338,120.139167,4.6335,9.318333333333332,osrm_driving
grid_R032_C011,23.171168422503744,120.13561784660112,七股區圖書館,23.140338,120.139167,5.9315,9.548333333333334,osrm_driving
grid_R032_C012,23.171221724431422,120.14538403181528,佳里區圖書館,23.168818,120.177358,3.7293,8.141666666666667,osrm_driving
grid_R032_C013,23.171274420864737,120.1551502458255,佳里區圖書館,23.168818,120.177358,3.0919,6.303333333333333,osrm_driving
grid_R032_C014,23.17132651179647,120.16491648830284,佳里區圖書館,23.168818,120.177358,1.4361,3.2633333333333336,osrm_driving
grid_R032_C015,23.17137799721955,120.17468275891837,佳里區圖書館,23.168818,120.177358,0.595,1.6466666666666667,osrm_driving
grid_R032_C016,23.171428877126957,120.18444905734312,蕭壠兒童圖書館,23.172751,120.17791,1.0277,3.695,osrm_driving
grid_R032_C017,23.171479151511775,120.19421538324816,佳里區圖書館,23.168818,120.177358,3.1233,5.536666666666666,osrm_driving
grid_R032_C018,23.171528820367147,120.20398173630456,佳里區圖書館,23.168818,120.177358,3.4584,5.335,osrm_driving
grid_R032_C019,23.17157788368631,120.21374811618333,麻豆區圖書館,23.182663,120.248463,5.2796,8.223333333333333,osrm_driving
grid_R032_C020,23.171626341462588,120.22351452255543,麻豆區圖書館,23.182663,120.248463,4.436100000000001,7.133333333333334,osrm_driving
grid_R032_C021,23.171674193689373,120.233280955092,麻豆區圖書館,23.182663,120.248463,15.4095,13.335,osrm_driving
grid_R032_C022,23.17172144036015,120.24304741346404,麻豆區圖書館,23.182663,120.248463,1.5115,3.755,osrm_driving
grid_R032_C023,23.1717680814685,120.25281389734248,麻豆區圖書館,23.182663,120.248463,2.0385999999999997,3.4266666666666667,osrm_driving
grid_R032_C024,23.17181411700805,120.26258040639846,麻豆區圖書館,23.182663,120.248463,2.1294,3.03,osrm_driving
grid_R032_C025,23.171859546972545,120.27234694030288,麻豆區圖書館,23.182663,120.248463,4.232399999999999,8.501666666666667,osrm_driving
grid_R032_C026,23.17190437135579,120.2821134987268,麻豆區圖書館,23.182663,120.248463,4.6147,11.623333333333331,osrm_driving
grid_R032_C027,23.17194859015169,120.29188008134116,善化區圖書館,23.132187,120.291606,5.9044,16.345000000000002,osrm_driving
grid_R032_C028,23.17199220335421,120.301646687817,善化區圖書館,23.132187,120.291606,5.1756,12.775,osrm_driving
grid_R032_C029,23.172035210957414,120.31141331782533,官田區圖書館,23.192647,120.314115,4.657100000000001,14.09,osrm_driving
grid_R032_C030,23.172077612955466,120.32117997103704,官田區圖書館,23.192647,120.314115,3.0687,5.1016666666666675,osrm_driving
grid_R032_C031,23.172119409342553,120.33094664712324,官田區圖書館,23.192647,120.314115,3.8902,6.0,osrm_driving
grid_R032_C032,23.172160600113013,120.34071334575478,官田區圖書館,23.192647,120.314115,5.097600000000001,6.621666666666667,osrm_driving
grid_R032_C033,23.172201185261223,120.35048006660271,官田區圖書館,23.192647,120.314115,6.1484,9.4,osrm_driving
grid_R032_C034,23.172241164781664,120.36024680933794,官田區圖書館,23.192647,120.314115,8.613,12.09,osrm_driving
grid_R032_C035,23.17228053866888,120.37001357363148,官田區圖書館,23.192647,120.314115,8.768600000000001,10.838333333333331,osrm_driving
grid_R032_C036,23.17231930691752,120.37978035915422,官田區圖書館,23.192647,120.314115,9.8397,17.19,osrm_driving
grid_R032_C037,23.172357469522293,120.38954716557718,官田區圖書館,23.192647,120.314115,11.8379,18.42,osrm_driving
grid_R032_C038,23.172395026478014,120.3993139925713,六甲區圖書館,23.231847,120.347466,13.7136,29.05666666666667,osrm_driving
grid_R032_C039,23.172431977779556,120.40908083980749,大內區圖書館,23.118915,120.357282,10.8616,22.171666666666667,osrm_driving
grid_R032_C040,23.172468323421892,120.41884770695673,大內區圖書館,23.118915,120.357282,12.5122,28.795,osrm_driving
grid_R032_C041,23.172504063400076,120.42861459368989,大內區圖書館,23.118915,120.357282,13.0433,32.83833333333333,osrm_driving
grid_R032_C042,23.17253919770923,120.43838149967796,玉井區圖書館,23.123307,120.468898,8.8675,25.551666666666662,osrm_driving
grid_R032_C043,23.172573726344577,120.44814842459184,玉井區圖書館,23.123307,120.468898,8.3796,22.653333333333332,osrm_driving
grid_R032_C044,23.172607649301415,120.45791536810248,楠西區圖書館,23.172789,120.487278,7.9111,14.325,osrm_driving
grid_R032_C045,23.17264096657512,120.4676823298808,楠西區圖書館,23.172789,120.487278,6.7911,11.395,osrm_driving
grid_R032_C046,23.172673678161154,120.47744930959767,楠西區圖書館,23.172789,120.487278,6.1208,12.288333333333332,osrm_driving
grid_R032_C047,23.172705784055054,120.48721630692408,楠西區圖書館,23.172789,120.487278,0.0067,0.01,osrm_driving
grid_R032_C048,23.17273728425247,120.49698332153088,楠西區圖書館,23.172789,120.487278,1.3376,2.6633333333333336,osrm_driving
grid_R032_C049,23.17276817874909,120.506750353089,楠西區圖書館,23.172789,120.487278,2.787,5.28,osrm_driving
grid_R032_C050,23.172798467540716,120.51651740126934,楠西區圖書館,23.172789,120.487278,3.6715,9.913333333333332,osrm_driving
grid_R032_C051,23.172828150623214,120.5262844657428,楠西區圖書館,23.172789,120.487278,5.0276000000000005,10.148333333333332,osrm_driving
grid_R032_C052,23.17285722799256,120.53605154618027,楠西區圖書館,23.172789,120.487278,7.4976,15.835,osrm_driving
grid_R032_C053,23.172885699644773,120.54581864225268,楠西區圖書館,23.172789,120.487278,7.6887,16.598333333333333,osrm_driving
grid_R032_C054,23.172913565575985,120.55558575363088,楠西區圖書館,23.172789,120.487278,8.7305,20.76833333333333,osrm_driving
grid_R032_C055,23.1729408257824,120.56535287998574,楠西區圖書館,23.172789,120.487278,14.9234,44.934999999999995,osrm_driving
grid_R032_C056,23.172967480260304,120.57512002098822,楠西區圖書館,23.172789,120.487278,14.179200000000002,40.47166666666667,osrm_driving
grid_R032_C057,23.17299352900606,120.58488717630912,楠西區圖書館,23.172789,120.487278,45.268,60.71333333333334,osrm_driving
grid_R032_C058,23.173018972016138,120.5946543456194,楠西區圖書館,23.172789,120.487278,43.3785,51.343333333333334,osrm_driving
grid_R032_C059,23.173043809287055,120.60442152858988,楠西區圖書館,23.172789,120.487278,46.6671,67.225,osrm_driving
grid_R032_C060,23.173068040815433,120.61418872489143,楠西區圖書館,23.172789,120.487278,45.8628,62.28,osrm_driving
grid_R032_C061,23.173091666597976,120.62395593419495,楠西區圖書館,23.172789,120.487278,45.9801,62.985,osrm_driving
grid_R032_C062,23.17311468663146,120.63372315617131,南化區圖書館,23.045724,120.480301,37.7807,60.56333333333334,osrm_driving
grid_R033_C004,23.17980768987591,120.0671928065454,七股區圖書館,23.140338,120.139167,12.9145,22.68166666666667,osrm_driving
grid_R033_C005,23.179865255037907,120.07695943594491,七股區圖書館,23.140338,120.139167,12.2539,20.041666666666668,osrm_driving
grid_R033_C006,23.179922214495228,120.08672609645215,七股區圖書館,23.140338,120.139167,9.74,11.353333333333332,osrm_driving
grid_R033_C007,23.179978568240102,120.09649278773816,將軍區圖書館,23.201284,120.160563,8.769200000000001,13.538333333333332,osrm_driving
grid_R033_C008,23.180034316264862,120.1062595094739,將軍區圖書館,23.201284,120.160563,7.1968000000000005,12.705,osrm_driving
grid_R033_C009,23.180089458561916,120.11602626133038,七股區圖書館,23.140338,120.139167,8.5381,11.291666666666666,osrm_driving
grid_R033_C010,23.180143995123757,120.12579304297856,將軍區圖書館,23.201284,120.160563,5.7147,10.706666666666669,osrm_driving
grid_R033_C011,23.180197925942952,120.1355598540895,七股區圖書館,23.140338,120.139167,5.1922,8.048333333333334,osrm_driving
grid_R033_C012,23.18025125101216,120.14532669433407,將軍區圖書館,23.201284,120.160563,3.8316,6.4350000000000005,osrm_driving
grid_R033_C013,23.18030397032411,120.15509356338332,將軍區圖書館,23.201284,120.160563,3.2404,5.905,osrm_driving
grid_R033_C014,23.18035608387163,120.1648604609082,將軍區圖書館,23.201284,120.160563,2.8953,5.535,osrm_driving
grid_R033_C015,23.180407591647626,120.17462738657966,蕭壠兒童圖書館,23.172751,120.17791,2.0131,3.7633333333333336,osrm_driving
grid_R033_C016,23.18045849364508,120.18439434006864,蕭壠兒童圖書館,23.172751,120.17791,1.285,2.6366666666666663,osrm_driving
grid_R033_C017,23.18050878985705,120.19416132104612,蕭壠兒童圖書館,23.172751,120.17791,2.5521,5.87,osrm_driving
grid_R033_C018,23.18055848027671,120.20392832918304,佳里區圖書館,23.168818,120.177358,5.0361,8.553333333333335,osrm_driving
grid_R033_C019,23.18060756489727,120.21369536415034,麻豆區圖書館,23.182663,120.248463,4.4095,7.378333333333333,osrm_driving
grid_R033_C020,23.18065604371205,120.22346242561892,麻豆區圖書館,23.182663,120.248463,3.1493,4.798333333333333,osrm_driving
grid_R033_C021,23.180703916714453,120.23322951325974,麻豆區圖書館,23.182663,120.248463,2.0693,3.3,osrm_driving
grid_R033_C022,23.18075118389796,120.24299662674372,麻豆區圖書館,23.182663,120.248463,0.7651,2.203333333333333,osrm_driving
grid_R033_C023,23.180797845256127,120.25276376574178,麻豆區圖書館,23.182663,120.248463,0.6969,1.9583333333333333,osrm_driving
grid_R033_C024,23.1808439007826,120.26253092992484,麻豆區圖書館,23.182663,120.248463,1.8055,3.89,osrm_driving
grid_R033_C025,23.180889350471112,120.2722981189638,麻豆區圖書館,23.182663,120.248463,2.8601,6.221666666666667,osrm_driving
grid_R033_C026,23.180934194315466,120.28206533252953,麻豆區圖書館,23.182663,120.248463,5.6536,13.371666666666666,osrm_driving
grid_R033_C027,23.18097843230956,120.29183257029298,麻豆區圖書館,23.182663,120.248463,6.5396,16.261666666666667,osrm_driving
grid_R033_C028,23.18102206444736,120.301599831925,麻豆區圖書館,23.182663,120.248463,5.985399999999999,6.88,osrm_driving
grid_R033_C029,23.181065090722935,120.31136711709654,官田區圖書館,23.192647,120.314115,3.3947,6.376666666666667,osrm_driving
grid_R033_C030,23.181107511130417,120.3211344254784,官田區圖書館,23.192647,120.314115,3.0902,8.575,osrm_driving
grid_R033_C031,23.18114932566403,120.33090175674154,官田區圖書館,23.192647,120.314115,4.2199,7.798333333333333,osrm_driving
grid_R033_C032,23.181190534318084,120.3406691105568,官田區圖書館,23.192647,120.314115,4.2951999999999995,5.54,osrm_driving
grid_R033_C033,23.181231137086957,120.35043648659504,官田區圖書館,23.192647,120.314115,6.533,7.725,osrm_driving
grid_R033_C034,23.18127113396513,120.36020388452712,官田區圖書館,23.192647,120.314115,7.1481,7.73,osrm_driving
grid_R033_C035,23.18131052494714,120.36997130402396,官田區圖書館,23.192647,120.314115,8.5142,9.173333333333334,osrm_driving
grid_R033_C036,23.18134931002764,120.37973874475637,官田區圖書館,23.192647,120.314115,10.1058,14.396666666666668,osrm_driving
grid_R033_C037,23.181387489201327,120.3895062063952,官田區圖書館,23.192647,120.314115,10.9608,17.788333333333334,osrm_driving
grid_R033_C038,23.18142506246302,120.3992736886113,官田區圖書館,23.192647,120.314115,13.5824,22.74,osrm_driving
grid_R033_C039,23.18146202980759,120.40904119107556,六甲區圖書館,23.231847,120.347466,12.921,24.301666666666662,osrm_driving
grid_R033_C040,23.181498391230008,120.41880871345876,玉井區圖書館,23.123307,120.468898,13.3859,30.598333333333336,osrm_driving
grid_R033_C041,23.18153414672532,120.4285762554318,玉井區圖書館,23.123307,120.468898,14.8561,40.473333333333336,osrm_driving
grid_R033_C042,23.18156929628865,120.43834381666544,大內區圖書館,23.118915,120.357282,14.882700000000002,43.876666666666665,osrm_driving
grid_R033_C043,23.181603839915212,120.4481113968306,楠西區圖書館,23.172789,120.487278,7.3754,20.18166666666667,osrm_driving
grid_R033_C044,23.181637777600304,120.45787899559804,楠西區圖書館,23.172789,120.487278,7.8536,18.946666666666665,osrm_driving
grid_R033_C045,23.181671109339305,120.4676466126386,楠西區圖書館,23.172789,120.487278,5.5945,9.896666666666668,osrm_driving
grid_R033_C046,23.18170383512767,120.47741424762307,楠西區圖書館,23.172789,120.487278,4.8498,7.566666666666666,osrm_driving
grid_R033_C047,23.18173595496095,120.48718190022235,楠西區圖書館,23.172789,120.487278,1.1919000000000002,2.881666666666667,osrm_driving
grid_R033_C048,23.181767468834764,120.49694957010718,楠西區圖書館,23.172789,120.487278,2.7119,9.061666666666667,osrm_driving
grid_R033_C049,23.181798376744815,120.50671725694836,楠西區圖書館,23.172789,120.487278,3.4055999999999997,7.798333333333333,osrm_driving
grid_R033_C050,23.181828678686895,120.51648496041676,楠西區圖書館,23.172789,120.487278,3.7155,6.4766666666666675,osrm_driving
grid_R033_C051,23.181858374656883,120.52625268018312,楠西區圖書館,23.172789,120.487278,4.542800000000001,7.473333333333333,osrm_driving
grid_R033_C052,23.181887464650735,120.53602041591829,楠西區圖書館,23.172789,120.487278,5.9811000000000005,9.775,osrm_driving
grid_R033_C053,23.18191594866447,120.54578816729304,楠西區圖書館,23.172789,120.487278,7.2628,11.565,osrm_driving
grid_R033_C054,23.181943826694233,120.55555593397813,楠西區圖書館,23.172789,120.487278,9.1264,14.471666666666666,osrm_driving
grid_R033_C055,23.181971098736213,120.5653237156444,楠西區圖書館,23.172789,120.487278,11.9928,27.168333333333333,osrm_driving
grid_R033_C056,23.18199776478669,120.57509151196264,楠西區圖書館,23.172789,120.487278,13.9832,39.27,osrm_driving
grid_R033_C057,23.182023824842048,120.58485932260356,楠西區圖書館,23.172789,120.487278,47.3561,73.16666666666667,osrm_driving
grid_R033_C058,23.182049278898727,120.59462714723804,楠西區圖書館,23.172789,120.487278,42.4525,49.955000000000005,osrm_driving
grid_R033_C059,23.18207412695326,120.6043949855368,楠西區圖書館,23.172789,120.487278,44.2348,52.73833333333334,osrm_driving
grid_R033_C060,23.18209836900226,120.61416283717064,楠西區圖書館,23.172789,120.487278,44.8867,53.71333333333334,osrm_driving
grid_R033_C061,23.18212200504243,120.6239307018103,楠西區圖書館,23.172789,120.487278,47.6834,63.51833333333333,osrm_driving
grid_R033_C062,23.18214503507055,120.6336985791266,楠西區圖書館,23.172789,120.487278,49.1141,70.01166666666667,osrm_driving
grid_R033_C063,23.182167459083477,120.64346646879028,南化區圖書館,23.045724,120.480301,38.7527,66.35666666666667,osrm_driving
grid_R034_C004,23.188837013453632,120.0671301976329,七股區圖書館,23.140338,120.139167,12.5108,21.066666666666663,osrm_driving
grid_R034_C005,23.188894603600342,120.07689748232892,七股區圖書館,23.140338,120.139167,11.8007,18.23,osrm_driving
grid_R034_C006,23.18895158777948,120.08666479814198,七股區圖書館,23.140338,120.139167,11.3083,14.178333333333336,osrm_driving
grid_R034_C007,23.18900796598332,120.09643214474298,七股區圖書館,23.140338,120.139167,10.8086,12.351666666666668,osrm_driving
grid_R034_C008,23.18906373820416,120.1061995218028,將軍區圖書館,23.201284,120.160563,6.6232,10.75,osrm_driving
grid_R034_C009,23.189118904434416,120.11596692899232,將軍區圖書館,23.201284,120.160563,5.610399999999999,9.23,osrm_driving
grid_R034_C010,23.189173464666567,120.1257343659825,將軍區圖書館,23.201284,120.160563,4.6117,7.733333333333333,osrm_driving
grid_R034_C011,23.18922741889318,120.13550183244416,將軍區圖書館,23.201284,120.160563,4.1226,7.781666666666666,osrm_driving
grid_R034_C012,23.18928076710691,120.14526932804822,將軍區圖書館,23.201284,120.160563,2.7364,7.321666666666667,osrm_driving
grid_R034_C013,23.189333509300496,120.15503685246554,將軍區圖書館,23.201284,120.160563,1.9604,4.626666666666667,osrm_driving
grid_R034_C014,23.189385645466743,120.16480440536698,將軍區圖書館,23.201284,120.160563,2.0142,5.33,osrm_driving
grid_R034_C015,23.18943717559857,120.1745719864234,將軍區圖書館,23.201284,120.160563,2.9406999999999996,5.9,osrm_driving
grid_R034_C016,23.189488099688937,120.18433959530569,蕭壠兒童圖書館,23.172751,120.17791,2.5588,5.375,osrm_driving
grid_R034_C017,23.18953841773092,120.19410723168464,蕭壠兒童圖書館,23.172751,120.17791,3.0941,5.571666666666667,osrm_driving
grid_R034_C018,23.18958812971766,120.20387489523117,蕭壠兒童圖書館,23.172751,120.17791,4.0171,6.680000000000001,osrm_driving
grid_R034_C019,23.18963723564239,120.21364258561604,麻豆區圖書館,23.182663,120.248463,3.9828,5.825,osrm_driving
grid_R034_C020,23.189685735498426,120.22341030251016,麻豆區圖書館,23.182663,120.248463,3.1626,4.966666666666667,osrm_driving
grid_R034_C021,23.189733629279143,120.23317804558432,麻豆區圖書館,23.182663,120.248463,1.9399,2.871666666666667,osrm_driving
grid_R034_C022,23.189780916978037,120.24294581450935,麻豆區圖書館,23.182663,120.248463,1.8436,2.9,osrm_driving
grid_R034_C023,23.189827598588664,120.25271360895609,麻豆區圖書館,23.182663,120.248463,1.2997,2.0083333333333333,osrm_driving
grid_R034_C024,23.189873674104664,120.26248142859536,麻豆區圖書館,23.182663,120.248463,2.7164,4.681666666666667,osrm_driving
grid_R034_C025,23.18991914351975,120.27224927309793,麻豆區圖書館,23.182663,120.248463,3.3001,4.131666666666667,osrm_driving
grid_R034_C026,23.18996400682775,120.2820171421346,官田區圖書館,23.192647,120.314115,4.1965,5.413333333333333,osrm_driving
grid_R034_C027,23.190008264022534,120.2917850353762,官田區圖書館,23.192647,120.314115,2.7184,4.798333333333333,osrm_driving
grid_R034_C028,23.190051915098085,120.30155295249354,官田區圖書館,23.192647,120.314115,1.7241,3.191666666666667,osrm_driving
grid_R034_C029,23.19009496004845,120.31132089315736,官田區圖書館,23.192647,120.314115,0.705,2.1033333333333335,osrm_driving
grid_R034_C030,23.190137398867783,120.32108885703852,官田區圖書館,23.192647,120.314115,2.5468,5.151666666666667,osrm_driving
grid_R034_C031,23.19017923155027,120.33085684380772,官田區圖書館,23.192647,120.314115,3.6038,5.6850000000000005,osrm_driving
grid_R034_C032,23.190220458090245,120.3406248531358,官田區圖書館,23.192647,120.314115,3.7508,4.2733333333333325,osrm_driving
grid_R034_C033,23.190261078482077,120.35039288469348,官田區圖書館,23.192647,120.314115,5.0455,10.505,osrm_driving
grid_R034_C034,23.190301092720237,120.3601609381516,六甲區圖書館,23.231847,120.347466,6.4061,10.481666666666666,osrm_driving
grid_R034_C035,23.190340500799277,120.36992901318088,六甲區圖書館,23.231847,120.347466,8.0854,10.161666666666669,osrm_driving
grid_R034_C036,23.190379302713815,120.37969710945204,六甲區圖書館,23.231847,120.347466,8.864600000000001,12.386666666666668,osrm_driving
grid_R034_C037,23.190417498458583,120.3894652266359,官田區圖書館,23.192647,120.314115,12.1557,22.571666666666665,osrm_driving
grid_R034_C038,23.190455088028376,120.3992333644032,官田區圖書館,23.192647,120.314115,14.8091,25.68,osrm_driving
grid_R034_C039,23.19049207141806,120.40900152242465,六甲區圖書館,23.231847,120.347466,15.0275,28.53666666666667,osrm_driving
grid_R034_C040,23.190528448622608,120.41876970037104,六甲區圖書館,23.231847,120.347466,14.1253,27.583333333333332,osrm_driving
grid_R034_C041,23.190564219637064,120.42853789791306,六甲區圖書館,23.231847,120.347466,14.197299999999998,27.876666666666665,osrm_driving
grid_R034_C042,23.19059938445656,120.4383061147215,楠西區圖書館,23.172789,120.487278,11.2295,26.325,osrm_driving
grid_R034_C043,23.190633943076293,120.44807435046704,楠西區圖書館,23.172789,120.487278,10.5304,23.166666666666668,osrm_driving
grid_R034_C044,23.19066789549156,120.45784260482048,楠西區圖書館,23.172789,120.487278,8.1968,21.183333333333337,osrm_driving
grid_R034_C045,23.19070124169774,120.46761087745244,楠西區圖書館,23.172789,120.487278,5.0215,6.463333333333334,osrm_driving
grid_R034_C046,23.190733981690293,120.47737916803376,楠西區圖書館,23.172789,120.487278,4.0417,6.508333333333334,osrm_driving
grid_R034_C047,23.19076611546475,120.48714747623504,楠西區圖書館,23.172789,120.487278,2.4516,3.665,osrm_driving
grid_R034_C048,23.190797643016744,120.49691580172708,楠西區圖書館,23.172789,120.487278,2.8096,3.845,osrm_driving
grid_R034_C049,23.190828564341977,120.50668414418058,楠西區圖書館,23.172789,120.487278,4.0264,4.968333333333334,osrm_driving
grid_R034_C050,23.190858879436224,120.5164525032662,楠西區圖書館,23.172789,120.487278,5.2599,7.61,osrm_driving
grid_R034_C051,23.190888588295376,120.52622087865468,楠西區圖書館,23.172789,120.487278,9.0288,19.535,osrm_driving
grid_R034_C052,23.190917690915377,120.5359892700167,楠西區圖書館,23.172789,120.487278,9.7765,21.783333333333335,osrm_driving
grid_R034_C053,23.19094618729225,120.545757677023,楠西區圖書館,23.172789,120.487278,13.5282,15.736666666666668,osrm_driving
grid_R034_C054,23.190974077422133,120.55552609934422,楠西區圖書館,23.172789,120.487278,10.2771,16.09,osrm_driving
grid_R034_C055,23.191001361301215,120.5652945366511,楠西區圖書館,23.172789,120.487278,10.9182,20.465,osrm_driving
grid_R034_C056,23.191028038925783,120.5750629886143,楠西區圖書館,23.172789,120.487278,13.3053,35.26,osrm_driving
grid_R034_C057,23.191054110292203,120.5848314549045,楠西區圖書館,23.172789,120.487278,13.668,37.431666666666665,osrm_driving
grid_R034_C058,23.19107957539693,120.5945999351924,楠西區圖書館,23.172789,120.487278,43.3407,62.41,osrm_driving
grid_R034_C059,23.19110443423648,120.60436842914868,楠西區圖書館,23.172789,120.487278,41.1053,52.906666666666666,osrm_driving
grid_R034_C060,23.19112868680747,120.614136936444,楠西區圖書館,23.172789,120.487278,45.8673,56.236666666666665,osrm_driving
grid_R034_C061,23.191152333106604,120.62390545674906,楠西區圖書館,23.172789,120.487278,47.5228,60.88666666666666,osrm_driving
grid_R034_C062,23.191175373130665,120.63367398973448,楠西區圖書館,23.172789,120.487278,55.4616,78.43833333333333,osrm_driving
grid_R034_C063,23.1911978068765,120.64344253507102,楠西區圖書館,23.172789,120.487278,55.9098,81.12666666666668,osrm_driving
grid_R035_C005,23.19792394165181,120.07683549759594,北門區圖書館,23.270354,120.124891,13.2901,12.848333333333333,osrm_driving
grid_R035_C006,23.197980950556012,120.0866034690439,北門區圖書館,23.270354,120.124891,12.0637,11.92,osrm_driving
grid_R035_C007,23.198037353221988,120.09637147128896,北門區圖書館,23.270354,120.124891,12.9037,12.066666666666666,osrm_driving
grid_R035_C008,23.198093149642062,120.10613950400194,將軍區圖書館,23.201284,120.160563,6.926399999999999,19.391666666666666,osrm_driving
grid_R035_C009,23.198148339808625,120.11590756685368,將軍區圖書館,23.201284,120.160563,6.5865,14.245,osrm_driving
grid_R035_C010,23.19820292371417,120.12567565951493,將軍區圖書館,23.201284,120.160563,4.9153,10.811666666666667,osrm_driving
grid_R035_C011,23.198256901351257,120.13544378165648,將軍區圖書館,23.201284,120.160563,3.2556,7.551666666666667,osrm_driving
grid_R035_C012,23.19831027271253,120.14521193294912,將軍區圖書館,23.201284,120.160563,2.2025,5.215,osrm_driving
grid_R035_C013,23.19836303779072,120.15498011306364,將軍區圖書館,23.201284,120.160563,0.9814,2.9033333333333333,osrm_driving
grid_R035_C014,23.19841519657865,120.16474832167076,將軍區圖書館,23.201284,120.160563,0.6212000000000001,2.568333333333334,osrm_driving
grid_R035_C015,23.1984667490692,120.17451655844133,將軍區圖書館,23.201284,120.160563,1.6814,6.831666666666666,osrm_driving
grid_R035_C016,23.19851769525537,120.184284823046,蕭壠兒童圖書館,23.172751,120.17791,3.7918,7.531666666666666,osrm_driving
grid_R035_C017,23.1985680351302,120.19405311515564,蕭壠兒童圖書館,23.172751,120.17791,3.8218,7.981666666666667,osrm_driving
grid_R035_C018,23.198617768686837,120.2038214344409,學甲區圖書館,23.230277,120.181923,5.7873,10.59,osrm_driving
grid_R035_C019,23.198666895918507,120.21358978057252,麻豆區圖書館,23.182663,120.248463,4.3782,6.725,osrm_driving
grid_R035_C020,23.198715416818526,120.22335815322135,麻豆區圖書館,23.182663,120.248463,4.6156999999999995,7.989999999999999,osrm_driving
grid_R035_C021,23.198763331380277,120.23312655205804,麻豆區圖書館,23.182663,120.248463,3.9217,7.968333333333334,osrm_driving
grid_R035_C022,23.198810639597234,120.2428949767533,麻豆區圖書館,23.182663,120.248463,3.0966,5.5633333333333335,osrm_driving
grid_R035_C023,23.19885734146296,120.2526634269779,麻豆區圖書館,23.182663,120.248463,2.2408,3.381666666666667,osrm_driving
grid_R035_C024,23.19890343697108,120.26243190240253,麻豆區圖書館,23.182663,120.248463,3.3053000000000003,4.928333333333333,osrm_driving
grid_R035_C025,23.198948926115325,120.27220040269788,麻豆區圖書館,23.182663,120.248463,3.5609,4.903333333333333,osrm_driving
grid_R035_C026,23.198993808889497,120.28196892753472,官田區圖書館,23.192647,120.314115,4.1204,4.961666666666667,osrm_driving
grid_R035_C027,23.199038085287476,120.2917374765837,官田區圖書館,23.192647,120.314115,2.5111999999999997,2.93,osrm_driving
grid_R035_C028,23.19908175530324,120.30150604951554,官田區圖書館,23.192647,120.314115,1.7148,4.26,osrm_driving
grid_R035_C029,23.199124818930837,120.31127464600092,官田區圖書館,23.192647,120.314115,0.9684,2.181666666666666,osrm_driving
grid_R035_C030,23.1991672761644,120.32104326571051,官田區圖書館,23.192647,120.314115,1.9002,2.9183333333333334,osrm_driving
grid_R035_C031,23.199209126998134,120.33081190831508,官田區圖書館,23.192647,120.314115,4.136100000000001,6.963333333333334,osrm_driving
grid_R035_C032,23.199250371426363,120.34058057348518,官田區圖書館,23.192647,120.314115,4.686100000000001,8.870000000000001,osrm_driving
grid_R035_C033,23.19929100944345,120.3503492608916,六甲區圖書館,23.231847,120.347466,4.108899999999999,5.165,osrm_driving
grid_R035_C034,23.199331041043862,120.3601179702049,六甲區圖書館,23.231847,120.347466,5.6608,7.315,osrm_driving
grid_R035_C035,23.19937046622214,120.36988670109584,六甲區圖書館,23.231847,120.347466,6.7528999999999995,14.73,osrm_driving
grid_R035_C036,23.199409284972926,120.37965545323505,六甲區圖書館,23.231847,120.347466,7.2648,16.801666666666666,osrm_driving
grid_R035_C037,23.19944749729093,120.3894242262932,六甲區圖書館,23.231847,120.347466,10.3773,15.883333333333333,osrm_driving
grid_R035_C038,23.199485103170932,120.3991930199409,六甲區圖書館,23.231847,120.347466,11.3355,17.383333333333333,osrm_driving
grid_R035_C039,23.19952210260783,120.40896183384882,六甲區圖書館,23.231847,120.347466,14.0621,28.538333333333338,osrm_driving
grid_R035_C040,23.19955849559657,120.4187306676876,六甲區圖書館,23.231847,120.347466,13.161700000000002,23.71833333333333,osrm_driving
grid_R035_C041,23.19959428213219,120.42849952112792,楠西區圖書館,23.172789,120.487278,11.5227,28.131666666666668,osrm_driving
grid_R035_C042,23.199629462209828,120.4382683938404,楠西區圖書館,23.172789,120.487278,10.504,23.055,osrm_driving
grid_R035_C043,23.19966403582468,120.44803728549564,楠西區圖書館,23.172789,120.487278,9.0246,17.053333333333335,osrm_driving
grid_R035_C044,23.19969800297205,120.4578061957643,楠西區圖書館,23.172789,120.487278,7.4738,10.851666666666668,osrm_driving
grid_R035_C045,23.19973136364729,120.467575124317,楠西區圖書館,23.172789,120.487278,6.1484,7.691666666666666,osrm_driving
grid_R035_C046,23.19976411784588,120.4773440708244,楠西區圖書館,23.172789,120.487278,4.5615,9.575,osrm_driving
grid_R035_C047,23.19979626556334,120.48711303495702,楠西區圖書館,23.172789,120.487278,3.4817,5.713333333333334,osrm_driving
grid_R035_C048,23.199827806795295,120.49688201638556,楠西區圖書館,23.172789,120.487278,5.126,16.116666666666667,osrm_driving
grid_R035_C049,23.199858741537444,120.50665101478062,楠西區圖書館,23.172789,120.487278,7.2412,9.125,osrm_driving
grid_R035_C050,23.19988906978558,120.5164200298128,楠西區圖書館,23.172789,120.487278,6.998399999999999,8.453333333333333,osrm_driving
grid_R035_C051,23.19991879153557,120.52618906115268,楠西區圖書館,23.172789,120.487278,8.0117,12.506666666666666,osrm_driving
grid_R035_C052,23.19994790678336,120.5359581084709,楠西區圖書館,23.172789,120.487278,12.1775,13.863333333333332,osrm_driving
grid_R035_C053,23.199976415524983,120.54572717143805,楠西區圖書館,23.172789,120.487278,12.9373,15.808333333333334,osrm_driving
grid_R035_C054,23.20000431775657,120.5554962497247,楠西區圖書館,23.172789,120.487278,13.6522,18.88,osrm_driving
grid_R035_C055,23.200031613474295,120.56526534300146,楠西區圖書館,23.172789,120.487278,15.0973,38.54,osrm_driving
grid_R035_C056,23.200058302674464,120.57503445093896,楠西區圖書館,23.172789,120.487278,13.8898,38.765,osrm_driving
grid_R035_C057,23.20008438535342,120.58480357320772,楠西區圖書館,23.172789,120.487278,14.9384,45.04833333333333,osrm_driving
grid_R035_C058,23.200109861507624,120.59457270947838,楠西區圖書館,23.172789,120.487278,42.0337,54.59166666666667,osrm_driving
grid_R035_C059,23.2001347311336,120.6043418594215,楠西區圖書館,23.172789,120.487278,40.1368,48.405,osrm_driving
grid_R035_C060,23.20015899422796,120.61411102270765,楠西區圖書館,23.172789,120.487278,47.7,63.641666666666666,osrm_driving
grid_R035_C061,23.200182650787394,120.6238801990074,楠西區圖書館,23.172789,120.487278,47.6125,60.49666666666667,osrm_driving
grid_R035_C062,23.200205700808684,120.63364938799134,楠西區圖書館,23.172789,120.487278,55.916599999999995,81.24499999999999,osrm_driving
grid_R035_C063,23.20022814428869,120.64341858933004,楠西區圖書館,23.172789,120.487278,54.5305,72.81333333333333,osrm_driving
grid_R036_C005,23.206953269189142,120.07677348173664,北門區圖書館,23.270354,120.124891,11.8821,13.135,osrm_driving
grid_R036_C006,23.20701030282162,120.08654210914864,北門區圖書館,23.270354,120.124891,11.5099,11.66,osrm_driving
grid_R036_C007,23.20706672995293,120.096310767367,北門區圖書館,23.270354,120.124891,13.8986,13.15,osrm_driving
grid_R036_C008,23.207122550575384,120.1060794560624,北門區圖書館,23.270354,120.124891,11.3407,14.338333333333331,osrm_driving
grid_R036_C009,23.207177764681383,120.11584817490548,將軍區圖書館,23.201284,120.160563,5.6712,12.36,osrm_driving
grid_R036_C010,23.2072323722634,120.12561692356702,將軍區圖書館,23.201284,120.160563,4.759600000000001,9.683333333333334,osrm_driving
grid_R036_C011,23.207286373314005,120.1353857017177,將軍區圖書館,23.201284,120.160563,3.7665,7.61,osrm_driving
grid_R036_C012,23.207339767825836,120.14515450902816,將軍區圖書館,23.201284,120.160563,1.9673,5.333333333333333,osrm_driving
grid_R036_C013,23.20739255579162,120.15492334516908,將軍區圖書館,23.201284,120.160563,1.5631,4.760000000000001,osrm_driving
grid_R036_C014,23.207444737204177,120.16469220981116,將軍區圖書館,23.201284,120.160563,1.7411,3.73,osrm_driving
grid_R036_C015,23.207496312056374,120.17446110262506,將軍區圖書館,23.201284,120.160563,2.7153,7.614999999999999,osrm_driving
grid_R036_C016,23.207547280341213,120.18423002328142,學甲區圖書館,23.230277,120.181923,2.7594000000000003,4.503333333333333,osrm_driving
grid_R036_C017,23.207597642051734,120.19399897145092,學甲區圖書館,23.230277,120.181923,4.0604000000000005,8.536666666666667,osrm_driving
grid_R036_C018,23.207647397181074,120.20376794680422,學甲區圖書館,23.230277,120.181923,4.2763,7.723333333333333,osrm_driving
grid_R036_C019,23.20769654572247,120.21353694901192,學甲區圖書館,23.230277,120.181923,5.356199999999999,9.591666666666669,osrm_driving
grid_R036_C020,23.207745087669217,120.22330597774469,麻豆區圖書館,23.182663,120.248463,5.4541,8.645000000000001,osrm_driving
grid_R036_C021,23.2077930230147,120.23307503267316,麻豆區圖書館,23.182663,120.248463,4.6773,7.595,osrm_driving
grid_R036_C022,23.207840351752395,120.24284411346794,麻豆區圖書館,23.182663,120.248463,4.4081,7.488333333333333,osrm_driving
grid_R036_C023,23.20788707387585,120.25261321979968,麻豆區圖書館,23.182663,120.248463,4.0993,7.315,osrm_driving
grid_R036_C024,23.207933189378704,120.26238235133896,麻豆區圖書館,23.182663,120.248463,4.0952,6.358333333333333,osrm_driving
grid_R036_C025,23.20797869825467,120.27215150775643,麻豆區圖書館,23.182663,120.248463,4.1064,4.6,osrm_driving
grid_R036_C026,23.20802360049756,120.2819206887227,官田區圖書館,23.192647,120.314115,5.1608,6.638333333333334,osrm_driving
grid_R036_C027,23.20806789610123,120.29168989390836,官田區圖書館,23.192647,120.314115,4.0851999999999995,7.036666666666666,osrm_driving
grid_R036_C028,23.20811158505968,120.301459122984,官田區圖書館,23.192647,120.314115,4.8937,8.173333333333334,osrm_driving
grid_R036_C029,23.20815466736693,120.31122837562025,官田區圖書館,23.192647,120.314115,2.1911,2.71,osrm_driving
grid_R036_C030,23.208197143017134,120.32099765148764,官田區圖書館,23.192647,120.314115,2.3901,3.5633333333333335,osrm_driving
grid_R036_C031,23.208239012004487,120.3307669502568,官田區圖書館,23.192647,120.314115,3.7117,5.988333333333333,osrm_driving
grid_R036_C032,23.20828027432329,120.34053627159832,六甲區圖書館,23.231847,120.347466,4.1021,6.903333333333333,osrm_driving
grid_R036_C033,23.208320929967925,120.35030561518272,六甲區圖書館,23.231847,120.347466,3.1641999999999997,4.3,osrm_driving
grid_R036_C034,23.208360978932852,120.3600749806806,六甲區圖書館,23.231847,120.347466,4.852600000000001,6.83,osrm_driving
grid_R036_C035,23.208400421212605,120.36984436776255,六甲區圖書館,23.231847,120.347466,5.72,10.49,osrm_driving
grid_R036_C036,23.208439256801828,120.37961377609912,六甲區圖書館,23.231847,120.347466,5.8087,10.846666666666666,osrm_driving
grid_R036_C037,23.20847748569522,120.38938320536089,六甲區圖書館,23.231847,120.347466,9.7728,14.233333333333333,osrm_driving
grid_R036_C038,23.208515107887575,120.39915265521836,六甲區圖書館,23.231847,120.347466,10.0221,14.23,osrm_driving
grid_R036_C039,23.20855212337376,120.4089221253421,六甲區圖書館,23.231847,120.347466,10.6101,15.508333333333333,osrm_driving
grid_R036_C040,23.208588532148735,120.41869161540272,六甲區圖書館,23.231847,120.347466,11.9388,19.66,osrm_driving
grid_R036_C041,23.20862433420756,120.42846112507064,六甲區圖書館,23.231847,120.347466,16.2462,24.641666666666666,osrm_driving
grid_R036_C042,23.208659529545333,120.43823065401654,六甲區圖書館,23.231847,120.347466,16.5186,25.703333333333333,osrm_driving
grid_R036_C043,23.208694118157265,120.44800020191084,楠西區圖書館,23.172789,120.487278,9.1596,17.013333333333332,osrm_driving
grid_R036_C044,23.208728100038645,120.45776976842411,楠西區圖書館,23.172789,120.487278,7.328600000000001,9.608333333333333,osrm_driving
grid_R036_C045,23.208761475184843,120.46753935322693,楠西區圖書館,23.172789,120.487278,9.1477,14.411666666666669,osrm_driving
grid_R036_C046,23.20879424359131,120.47730895598971,楠西區圖書館,23.172789,120.487278,5.9792,13.585,osrm_driving
grid_R036_C047,23.208826405253586,120.48707857638308,楠西區圖書館,23.172789,120.487278,5.491899999999999,11.67,osrm_driving
grid_R036_C048,23.20885796016729,120.49684821407752,楠西區圖書館,23.172789,120.487278,5.0538,8.24,osrm_driving
grid_R036_C049,23.20888890832811,120.50661786874356,楠西區圖書館,23.172789,120.487278,8.8248,14.863333333333332,osrm_driving
grid_R036_C050,23.20891924973184,120.51638754005164,楠西區圖書館,23.172789,120.487278,11.2703,16.938333333333333,osrm_driving
grid_R036_C051,23.20894898437435,120.52615722767231,楠西區圖書館,23.172789,120.487278,8.9149,9.468333333333334,osrm_driving
grid_R036_C052,23.208978112251582,120.53592693127614,楠西區圖書館,23.172789,120.487278,10.6622,11.42,osrm_driving
grid_R036_C053,23.209006633359564,120.54569665053354,楠西區圖書館,23.172789,120.487278,11.8388,14.405,osrm_driving
grid_R036_C054,23.209034547694426,120.55546638511504,楠西區圖書館,23.172789,120.487278,13.0021,17.78166666666667,osrm_driving
grid_R036_C055,23.209061855252347,120.56523613469116,楠西區圖書館,23.172789,120.487278,14.5487,31.959999999999997,osrm_driving
grid_R036_C056,23.209088556029613,120.57500589893232,楠西區圖書館,23.172789,120.487278,15.2046,39.245,osrm_driving
grid_R036_C057,23.20911465002258,120.5847756775091,楠西區圖書館,23.172789,120.487278,14.9384,45.04833333333333,osrm_driving
grid_R036_C058,23.209140137227713,120.5945454700919,楠西區圖書館,23.172789,120.487278,40.3679,54.595,osrm_driving
grid_R036_C059,23.209165017641517,120.60431527635126,楠西區圖書館,23.172789,120.487278,39.179,47.27833333333333,osrm_driving
grid_R036_C060,23.209189291260603,120.61408509595763,楠西區圖書館,23.172789,120.487278,38.9318,48.025,osrm_driving
grid_R036_C061,23.209212958081675,120.62385492858154,楠西區圖書館,23.172789,120.487278,48.9606,61.211666666666666,osrm_driving
grid_R036_C062,23.20923601810151,120.63362477389342,楠西區圖書館,23.172789,120.487278,51.5479,63.80166666666666,osrm_driving
grid_R036_C063,23.209258471316957,120.64339463156372,楠西區圖書館,23.172789,120.487278,52.2548,68.41833333333334,osrm_driving
grid_R036_C064,23.209280317724957,120.65316450126296,楠西區圖書館,23.172789,120.487278,55.250699999999995,71.00166666666668,osrm_driving
grid_R037_C005,23.21598258620916,120.07671143474172,北門區圖書館,23.270354,120.124891,12.1261,13.733333333333333,osrm_driving
grid_R037_C006,23.21603964457313,120.08648071844708,北門區圖書館,23.270354,120.124891,11.7059,12.478333333333332,osrm_driving
grid_R037_C007,23.21609609617295,120.09625003296802,北門區圖書館,23.270354,120.124891,9.7968,9.943333333333332,osrm_driving
grid_R037_C008,23.216151941000945,120.10601937797507,北門區圖書館,23.270354,120.124891,9.929799999999998,10.655,osrm_driving
grid_R037_C009,23.216207179049498,120.11578875313886,北門區圖書館,23.270354,120.124891,11.5007,11.008333333333333,osrm_driving
grid_R037_C010,23.21626181031108,120.12555815813,將軍區圖書館,23.201284,120.160563,4.7303999999999995,8.343333333333334,osrm_driving
grid_R037_C011,23.216315834778257,120.13532759261908,北門區圖書館,23.270354,120.124891,6.2858,6.5649999999999995,osrm_driving
grid_R037_C012,23.216369252443663,120.1450970562767,將軍區圖書館,23.201284,120.160563,2.6359,5.418333333333334,osrm_driving
grid_R037_C013,23.216422063300023,120.15486654877336,將軍區圖書館,23.201284,120.160563,3.511,6.633333333333334,osrm_driving
grid_R037_C014,23.216474267340143,120.16463606977972,將軍區圖書館,23.201284,120.160563,2.1351,4.086666666666667,osrm_driving
grid_R037_C015,23.21652586455691,120.17440561896632,學甲區圖書館,23.230277,120.181923,2.3566,6.575,osrm_driving
grid_R037_C016,23.2165768549433,120.18417519600372,學甲區圖書館,23.230277,120.181923,1.6098,2.703333333333333,osrm_driving
grid_R037_C017,23.216627238492354,120.19394480056246,學甲區圖書館,23.230277,120.181923,3.3244,5.89,osrm_driving
grid_R037_C018,23.21667701519722,120.2037144323131,學甲區圖書館,23.230277,120.181923,3.3559,5.983333333333333,osrm_driving
grid_R037_C019,23.216726185051108,120.21348409092622,學甲區圖書館,23.230277,120.181923,5.829,10.083333333333334,osrm_driving
grid_R037_C020,23.216774748047325,120.2232537760723,學甲區圖書館,23.230277,120.181923,6.884600000000001,11.676666666666668,osrm_driving
grid_R037_C021,23.216822704179258,120.23302348742192,麻豆區圖書館,23.182663,120.248463,5.512899999999999,9.481666666666666,osrm_driving
grid_R037_C022,23.21687005344036,120.2427932246456,下營區圖書館,23.235261,120.264393,3.9206,8.068333333333333,osrm_driving
grid_R037_C023,23.21691679582419,120.25256298741388,下營區圖書館,23.235261,120.264393,2.9333,6.321666666666667,osrm_driving
grid_R037_C024,23.216962931324385,120.2623327753972,下營區圖書館,23.235261,120.264393,3.5544,7.993333333333334,osrm_driving
grid_R037_C025,23.21700845993465,120.2721025882662,下營區圖書館,23.235261,120.264393,3.0747,4.206666666666667,osrm_driving
grid_R037_C026,23.21705338164878,120.28187242569128,下營區圖書館,23.235261,120.264393,4.8557,6.989999999999999,osrm_driving
grid_R037_C027,23.21709769646066,120.29164228734302,官田區圖書館,23.192647,120.314115,4.7992,6.21,osrm_driving
grid_R037_C028,23.217141404364256,120.30141217289189,官田區圖書館,23.192647,120.314115,3.9365,6.008333333333334,osrm_driving
grid_R037_C029,23.217184505353604,120.31118208200836,官田區圖書館,23.192647,120.314115,3.5711999999999997,4.776666666666667,osrm_driving
grid_R037_C030,23.21722699942284,120.32095201436296,官田區圖書館,23.192647,120.314115,3.387,5.956666666666666,osrm_driving
grid_R037_C031,23.217268886566167,120.33072196962618,六甲區圖書館,23.231847,120.347466,3.7488,5.955,osrm_driving
grid_R037_C032,23.217310166777885,120.3404919474685,六甲區圖書館,23.231847,120.347466,3.1916,5.665,osrm_driving
grid_R037_C033,23.21735084005236,120.35026194756036,六甲區圖書館,23.231847,120.347466,2.0484,3.0166666666666666,osrm_driving
grid_R037_C034,23.217390906384068,120.36003196957226,六甲區圖書館,23.231847,120.347466,2.6774,4.33,osrm_driving
grid_R037_C035,23.21743036576753,120.36980201317468,六甲區圖書館,23.231847,120.347466,3.1637,6.153333333333333,osrm_driving
grid_R037_C036,23.217469218197383,120.37957207803804,六甲區圖書館,23.231847,120.347466,4.7755,7.963333333333334,osrm_driving
grid_R037_C037,23.217507463668323,120.38934216383284,六甲區圖書館,23.231847,120.347466,9.1347,11.575,osrm_driving
grid_R037_C038,23.21754510217515,120.39911227022954,六甲區圖書館,23.231847,120.347466,8.8836,11.551666666666668,osrm_driving
grid_R037_C039,23.21758213371273,120.4088823968986,六甲區圖書館,23.231847,120.347466,9.5037,12.848333333333333,osrm_driving
grid_R037_C040,23.217618558276016,120.41865254351042,六甲區圖書館,23.231847,120.347466,11.5673,19.351666666666667,osrm_driving
grid_R037_C041,23.217654375860047,120.42842270973549,六甲區圖書館,23.231847,120.347466,15.8775,23.203333333333333,osrm_driving
grid_R037_C042,23.217689586459947,120.4381928952442,六甲區圖書館,23.231847,120.347466,14.8292,19.435,osrm_driving
grid_R037_C043,23.217724190070907,120.44796309970702,楠西區圖書館,23.172789,120.487278,11.2388,21.358333333333334,osrm_driving
grid_R037_C044,23.21775818668822,120.45773332279444,楠西區圖書館,23.172789,120.487278,10.6546,17.851666666666667,osrm_driving
grid_R037_C045,23.21779157630726,120.46750356417678,楠西區圖書館,23.172789,120.487278,9.101,10.91,osrm_driving
grid_R037_C046,23.217824358923465,120.47727382352453,楠西區圖書館,23.172789,120.487278,7.2182,16.546666666666667,osrm_driving
grid_R037_C047,23.21785653453237,120.4870441005081,楠西區圖書館,23.172789,120.487278,9.608,18.266666666666666,osrm_driving
grid_R037_C048,23.2178881031296,120.49681439479792,楠西區圖書館,23.172789,120.487278,6.767399999999999,12.113333333333332,osrm_driving
grid_R037_C049,23.21791906471084,120.50658470606436,楠西區圖書館,23.172789,120.487278,8.3784,20.096666666666668,osrm_driving
grid_R037_C050,23.21794941927189,120.51635503397787,楠西區圖書館,23.172789,120.487278,9.4668,26.631666666666668,osrm_driving
grid_R037_C051,23.217979166808597,120.5261253782089,楠西區圖書館,23.172789,120.487278,9.7595,10.896666666666668,osrm_driving
grid_R037_C052,23.21800830731691,120.53589573842778,楠西區圖書館,23.172789,120.487278,10.7223,11.793333333333331,osrm_driving
grid_R037_C053,23.218036840792873,120.54566611430496,楠西區圖書館,23.172789,120.487278,12.6539,12.92,osrm_driving
grid_R037_C054,23.218064767232583,120.5554365055108,楠西區圖書館,23.172789,120.487278,13.3154,18.698333333333338,osrm_driving
grid_R037_C055,23.218092086632236,120.56520691171572,楠西區圖書館,23.172789,120.487278,14.2716,25.415000000000003,osrm_driving
grid_R037_C056,23.21811879898811,120.57497733259012,楠西區圖書館,23.172789,120.487278,15.7939,46.45,osrm_driving
grid_R037_C057,23.218144904296572,120.58474776780436,楠西區圖書館,23.172789,120.487278,15.5701,43.76,osrm_driving
grid_R037_C058,23.218170402554065,120.59451821702888,楠西區圖書館,23.172789,120.487278,40.9159,57.88333333333333,osrm_driving
grid_R037_C059,23.218195293757105,120.604288679934,楠西區圖書館,23.172789,120.487278,38.7036,47.305,osrm_driving
grid_R037_C060,23.2182195779023,120.61405915619017,楠西區圖書館,23.172789,120.487278,37.1404,41.98166666666667,osrm_driving
grid_R037_C061,23.21824325498635,120.62382964546772,楠西區圖書館,23.172789,120.487278,37.2491,43.830000000000005,osrm_driving
grid_R037_C062,23.218266325006027,120.63360014743704,楠西區圖書館,23.172789,120.487278,49.6806,61.13,osrm_driving
grid_R037_C063,23.218288787958187,120.64337066176849,楠西區圖書館,23.172789,120.487278,51.6278,65.35333333333332,osrm_driving
grid_R037_C064,23.21831064383976,120.65314118813248,楠西區圖書館,23.172789,120.487278,54.158199999999994,70.72333333333333,osrm_driving
grid_R038_C005,23.225011892708675,120.07664935660188,北門區圖書館,23.270354,120.124891,12.3443,13.923333333333334,osrm_driving
grid_R038_C006,23.22506897580736,120.08641929693,北門區圖書館,23.270354,120.124891,12.3166,13.838333333333331,osrm_driving
grid_R038_C007,23.2251254518789,120.09618926808288,北門區圖書館,23.270354,120.124891,10.2684,10.536666666666669,osrm_driving
grid_R038_C008,23.22518132091558,120.10595926973102,北門區圖書館,23.270354,120.124891,9.1915,10.365,osrm_driving
grid_R038_C009,23.225236582909808,120.11572930154492,將軍區圖書館,23.201284,120.160563,6.5751,13.028333333333334,osrm_driving
grid_R038_C010,23.225291237854044,120.12549936319506,北門區圖書館,23.270354,120.124891,6.352,9.693333333333332,osrm_driving
grid_R038_C011,23.22534528574084,120.13526945435198,北門區圖書館,23.270354,120.124891,5.8424,6.076666666666667,osrm_driving
grid_R038_C012,23.22539872656284,120.14503957468614,北門區圖書館,23.270354,120.124891,6.293399999999999,8.658333333333333,osrm_driving
grid_R038_C013,23.225451560312763,120.154809723868,將軍區圖書館,23.201284,120.160563,4.2758,8.098333333333333,osrm_driving
grid_R038_C014,23.225503786983403,120.16457990156806,學甲區圖書館,23.230277,120.181923,2.2982,6.75,osrm_driving
grid_R038_C015,23.225555406567658,120.1743501074568,學甲區圖書館,23.230277,120.181923,1.2194,2.675,osrm_driving
grid_R038_C016,23.22560641905847,120.18412034120465,學甲區圖書館,23.230277,120.181923,0.6856,1.5450000000000002,osrm_driving
grid_R038_C017,23.22565682444892,120.19389060248209,學甲區圖書館,23.230277,120.181923,1.5878,3.1483333333333334,osrm_driving
grid_R038_C018,23.225706622732112,120.20366089095955,學甲區圖書館,23.230277,120.181923,3.1136,7.516666666666667,osrm_driving
grid_R038_C019,23.225755813901284,120.21343120630752,學甲區圖書館,23.230277,120.181923,5.9962,10.871666666666666,osrm_driving
grid_R038_C020,23.225804397949716,120.2232015481964,學甲區圖書館,23.230277,120.181923,5.5651,8.596666666666666,osrm_driving
grid_R038_C021,23.225852374870794,120.23297191629663,下營區圖書館,23.235261,120.264393,4.0522,7.528333333333333,osrm_driving
grid_R038_C022,23.22589974465799,120.24274231027869,下營區圖書館,23.235261,120.264393,2.9085,5.573333333333333,osrm_driving
grid_R038_C023,23.22594650730484,120.25251272981296,下營區圖書館,23.235261,120.264393,2.3179000000000003,4.988333333333333,osrm_driving
grid_R038_C024,23.22599266280497,120.26228317456986,下營區圖書館,23.235261,120.264393,1.5224000000000002,4.28,osrm_driving
grid_R038_C025,23.226038211152105,120.27205364421982,下營區圖書館,23.235261,120.264393,2.151,4.191666666666666,osrm_driving
grid_R038_C026,23.22608315234003,120.28182413843324,下營區圖書館,23.235261,120.264393,3.5696,6.776666666666667,osrm_driving
grid_R038_C027,23.226127486362618,120.29159465688056,下營區圖書館,23.235261,120.264393,4.307600000000001,8.838333333333333,osrm_driving
grid_R038_C028,23.226171213213824,120.30136519923214,官田區圖書館,23.192647,120.314115,5.7684,10.078333333333337,osrm_driving
grid_R038_C029,23.226214332887707,120.31113576515838,官田區圖書館,23.192647,120.314115,5.1153,5.5233333333333325,osrm_driving
grid_R038_C030,23.226256845378384,120.32090635432972,六甲區圖書館,23.231847,120.347466,3.9609,13.811666666666667,osrm_driving
grid_R038_C031,23.226298750680055,120.3306769664165,六甲區圖書館,23.231847,120.347466,2.5879000000000003,8.24,osrm_driving
grid_R038_C032,23.22634004878702,120.34044760108912,六甲區圖書館,23.231847,120.347466,1.4537,3.675,osrm_driving
grid_R038_C033,23.22638073969365,120.35021825801796,六甲區圖書館,23.231847,120.347466,0.9312,1.66,osrm_driving
grid_R038_C034,23.226420823394392,120.3599889368734,六甲區圖書館,23.231847,120.347466,1.6149,4.1866666666666665,osrm_driving
grid_R038_C035,23.226460299883794,120.3697596373258,六甲區圖書館,23.231847,120.347466,3.5079,6.201666666666667,osrm_driving
grid_R038_C036,23.22649916915647,120.3795303590455,六甲區圖書館,23.231847,120.347466,4.3111999999999995,4.968333333333334,osrm_driving
grid_R038_C037,23.226537431207124,120.38930110170293,六甲區圖書館,23.231847,120.347466,9.4267,14.608333333333333,osrm_driving
grid_R038_C038,23.226575086030547,120.3990718649684,六甲區圖書館,23.231847,120.347466,7.9915,9.778333333333334,osrm_driving
grid_R038_C039,23.226612133621607,120.40884264851226,六甲區圖書館,23.231847,120.347466,8.270700000000001,10.655,osrm_driving
grid_R038_C040,23.226648573975258,120.41861345200488,六甲區圖書館,23.231847,120.347466,9.4549,13.695,osrm_driving
grid_R038_C041,23.22668440708653,120.4283842751166,六甲區圖書館,23.231847,120.347466,10.9045,19.61,osrm_driving
grid_R038_C042,23.22671963295054,120.43815511751777,六甲區圖書館,23.231847,120.347466,13.8263,17.291666666666668,osrm_driving
grid_R038_C043,23.226754251562497,120.4479259788787,六甲區圖書館,23.231847,120.347466,14.0711,16.875,osrm_driving
grid_R038_C044,23.226788262917665,120.45769685886977,楠西區圖書館,23.172789,120.487278,11.0334,18.28,osrm_driving
grid_R038_C045,23.22682166701142,120.46746775716124,楠西區圖書館,23.172789,120.487278,11.0087,15.543333333333331,osrm_driving
grid_R038_C046,23.226854463839217,120.4772386734235,楠西區圖書館,23.172789,120.487278,11.8569,22.833333333333332,osrm_driving
grid_R038_C047,23.226886653396576,120.48700960732684,楠西區圖書館,23.172789,120.487278,8.9231,16.121666666666666,osrm_driving
grid_R038_C048,23.22691823567912,120.49678055854164,楠西區圖書館,23.172789,120.487278,8.4505,14.988333333333332,osrm_driving
grid_R038_C049,23.226949210682537,120.50655152673814,楠西區圖書館,23.172789,120.487278,8.1011,16.69,osrm_driving
grid_R038_C050,23.226979578402613,120.5163225115867,楠西區圖書館,23.172789,120.487278,8.680200000000001,19.01,osrm_driving
grid_R038_C051,23.2270093388352,120.52609351275758,楠西區圖書館,23.172789,120.487278,12.8255,29.89333333333333,osrm_driving
grid_R038_C052,23.227038491976252,120.53586452992116,楠西區圖書館,23.172789,120.487278,15.813,18.92,osrm_driving
grid_R038_C053,23.227067037821794,120.54563556274768,楠西區圖書館,23.172789,120.487278,13.9349,14.573333333333332,osrm_driving
grid_R038_C057,23.22717514817229,120.5847198440894,楠西區圖書館,23.172789,120.487278,19.5298,25.708333333333332,osrm_driving
grid_R038_C058,23.227200657483586,120.5944909502852,楠西區圖書館,23.172789,120.487278,38.449,47.13166666666667,osrm_driving
grid_R038_C059,23.22722555947727,120.60426207016576,楠西區圖書館,23.172789,120.487278,38.449,47.13166666666667,osrm_driving
grid_R038_C060,23.227249854149942,120.61403320340128,楠西區圖書館,23.172789,120.487278,36.4041,42.1,osrm_driving
grid_R038_C061,23.22727354149831,120.62380434966212,楠西區圖書館,23.172789,120.487278,35.9362,41.34166666666667,osrm_driving
grid_R038_C062,23.22729662151913,120.63357550861852,楠西區圖書館,23.172789,120.487278,37.5374,47.35666666666667,osrm_driving
grid_R038_C063,23.227319094209268,120.64334667994076,楠西區圖書館,23.172789,120.487278,36.573800000000006,45.461666666666666,osrm_driving
grid_R038_C064,23.22734095956565,120.65311786329912,南化區圖書館,23.045724,120.480301,46.714,72.24833333333332,osrm_driving
grid_R039_C005,23.23404118868451,120.0765872473078,北門區圖書館,23.270354,120.124891,12.3166,13.838333333333331,osrm_driving
grid_R039_C006,23.234098296521147,120.08635784458814,北門區圖書館,23.270354,120.124891,8.0959,7.765,osrm_driving
grid_R039_C007,23.23415479706758,120.09612847270247,北門區圖書館,23.270354,120.124891,7.9513,7.693333333333333,osrm_driving
grid_R039_C008,23.23421069031612,120.10589913132118,北門區圖書館,23.270354,120.124891,7.357,7.921666666666667,osrm_driving
grid_R039_C009,23.23426597625914,120.11566982011468,北門區圖書館,23.270354,120.124891,5.8671999999999995,7.52,osrm_driving
grid_R039_C010,23.234320654889117,120.12544053875337,北門區圖書館,23.270354,120.124891,5.086,7.871666666666667,osrm_driving
grid_R039_C011,23.234374726198592,120.13521128690763,北門區圖書館,23.270354,120.124891,4.6036,4.5233333333333325,osrm_driving
grid_R039_C012,23.23442819018021,120.14498206424786,北門區圖書館,23.270354,120.124891,5.3403,8.523333333333333,osrm_driving
grid_R039_C013,23.234481046826676,120.15475287044444,學甲區圖書館,23.230277,120.181923,5.0872,8.926666666666668,osrm_driving
grid_R039_C014,23.23453329613079,120.16452370516777,學甲區圖書館,23.230277,120.181923,4.5179,7.568333333333333,osrm_driving
grid_R039_C015,23.23458493808544,120.17429456808814,學甲區圖書館,23.230277,120.181923,1.5023,3.183333333333333,osrm_driving
grid_R039_C016,23.234635972683577,120.184065458876,學甲區圖書館,23.230277,120.181923,0.9147,2.045,osrm_driving
grid_R039_C017,23.23468639991825,120.19383637720168,學甲區圖書館,23.230277,120.181923,2.0974,3.4650000000000003,osrm_driving
grid_R039_C018,23.234736219782597,120.20360732273554,學甲區圖書館,23.230277,120.181923,3.1925,6.536666666666666,osrm_driving
grid_R039_C019,23.23478543226982,120.21337829514788,學甲區圖書館,23.230277,120.181923,4.2489,6.461666666666667,osrm_driving
grid_R039_C020,23.23483403737322,120.22314929410912,學甲區圖書館,23.230277,120.181923,4.916600000000001,6.213333333333334,osrm_driving
grid_R039_C021,23.23488203508617,120.2329203192896,下營區圖書館,23.235261,120.264393,4.196899999999999,7.288333333333333,osrm_driving
grid_R039_C022,23.23492942540212,120.24269137035957,下營區圖書館,23.235261,120.264393,3.2291999999999996,5.495,osrm_driving
grid_R039_C023,23.234976208314635,120.2524624469894,下營區圖書館,23.235261,120.264393,2.0978000000000003,4.8983333333333325,osrm_driving
grid_R039_C024,23.23502238381732,120.26223354884944,下營區圖書館,23.235261,120.264393,0.3717,1.0333333333333334,osrm_driving
grid_R039_C025,23.235067951903897,120.27200467560998,下營區圖書館,23.235261,120.264393,1.1516,2.635,osrm_driving
grid_R039_C026,23.235112912568145,120.28177582694131,下營區圖書館,23.235261,120.264393,2.2313,4.19,osrm_driving
grid_R039_C027,23.23515726580395,120.2915470025138,下營區圖書館,23.235261,120.264393,3.2314000000000003,7.608333333333333,osrm_driving
grid_R039_C028,23.235201011605255,120.3013182019977,六甲區圖書館,23.231847,120.347466,5.6581,7.42,osrm_driving
grid_R039_C029,23.235244149966103,120.31108942506334,六甲區圖書館,23.231847,120.347466,4.8796,6.965,osrm_driving
grid_R039_C030,23.235286680880623,120.320860671381,六甲區圖書館,23.231847,120.347466,3.0976999999999997,5.451666666666667,osrm_driving
grid_R039_C031,23.235328604343007,120.33063194062098,六甲區圖書館,23.231847,120.347466,1.8373,2.356666666666667,osrm_driving
grid_R039_C032,23.23536992034755,120.34040323245355,六甲區圖書館,23.231847,120.347466,1.0345,2.768333333333333,osrm_driving
grid_R039_C033,23.235410628888623,120.35017454654898,六甲區圖書館,23.231847,120.347466,0.7937000000000001,2.855,osrm_driving
grid_R039_C034,23.235450729960675,120.35994588257756,六甲區圖書館,23.231847,120.347466,1.6557,2.4916666666666667,osrm_driving
grid_R039_C035,23.235490223558248,120.36971724020958,六甲區圖書館,23.231847,120.347466,2.6712,3.181666666666666,osrm_driving
grid_R039_C036,23.235529109675948,120.3794886191153,六甲區圖書館,23.231847,120.347466,4.0825,4.716666666666667,osrm_driving
grid_R039_C037,23.23556738830848,120.38926001896496,六甲區圖書館,23.231847,120.347466,5.6086,6.38,osrm_driving
grid_R039_C038,23.23560505945063,120.39903143942884,六甲區圖書館,23.231847,120.347466,6.7148,8.998333333333333,osrm_driving
grid_R039_C039,23.235642123097275,120.4088028801772,六甲區圖書館,23.231847,120.347466,8.2215,9.23,osrm_driving
grid_R039_C040,23.23567857924334,120.41857434088028,六甲區圖書館,23.231847,120.347466,9.5016,11.69,osrm_driving
grid_R039_C041,23.23571442788388,120.42834582120832,六甲區圖書館,23.231847,120.347466,11.9924,15.66,osrm_driving
grid_R039_C042,23.235749669013995,120.43811732083157,六甲區圖書館,23.231847,120.347466,12.2481,13.613333333333332,osrm_driving
grid_R039_C043,23.23578430262889,120.44788883942024,六甲區圖書館,23.231847,120.347466,13.3728,14.87,osrm_driving
grid_R039_C044,23.23581832872384,120.45766037664464,六甲區圖書館,23.231847,120.347466,14.5045,16.081666666666667,osrm_driving
grid_R039_C045,23.235851747294216,120.46743193217492,楠西區圖書館,23.172789,120.487278,12.9209,15.08,osrm_driving
grid_R039_C046,23.235884558335457,120.4772035056814,楠西區圖書館,23.172789,120.487278,11.7524,16.788333333333334,osrm_driving
grid_R039_C047,23.23591676184309,120.4869750968342,楠西區圖書館,23.172789,120.487278,11.8478,17.36,osrm_driving
grid_R039_C048,23.23594835781273,120.49674670530364,楠西區圖書館,23.172789,120.487278,8.0087,13.765,osrm_driving
grid_R039_C049,23.235979346240068,120.50651833075986,楠西區圖書館,23.172789,120.487278,8.5674,14.808333333333334,osrm_driving
grid_R039_C050,23.236009727120887,120.51628997287312,楠西區圖書館,23.172789,120.487278,9.4368,16.44,osrm_driving
grid_R039_C051,23.23603950045105,120.52606163131362,楠西區圖書館,23.172789,120.487278,12.1503,25.841666666666665,osrm_driving
grid_R039_C052,23.23606866622648,120.53583330575157,楠西區圖書館,23.172789,120.487278,16.4608,20.1,osrm_driving
grid_R039_C058,23.23623090201316,120.59446366985684,楠西區圖書館,23.172789,120.487278,22.4956,34.18833333333334,osrm_driving
grid_R040_C005,23.24307047413349,120.07652510685016,北門區圖書館,23.270354,120.124891,8.1539,8.503333333333334,osrm_driving
grid_R040_C006,23.243127606711298,120.08629636141232,北門區圖書館,23.270354,120.124891,8.3856,9.428333333333336,osrm_driving
grid_R040_C007,23.243184131735827,120.0960676468177,北門區圖書館,23.270354,120.124891,8.8135,11.141666666666667,osrm_driving
grid_R040_C008,23.243240049199372,120.10583896273658,北門區圖書館,23.270354,120.124891,4.5699,9.403333333333334,osrm_driving
grid_R040_C009,23.24329535909432,120.11561030883928,北門區圖書館,23.270354,120.124891,4.3001000000000005,7.943333333333333,osrm_driving
grid_R040_C010,23.24335006141313,120.12538168479608,北門區圖書館,23.270354,120.124891,4.5192,6.15,osrm_driving
grid_R040_C011,23.24340415614834,120.13515309027731,北門區圖書館,23.270354,120.124891,4.1563,4.9,osrm_driving
grid_R040_C012,23.243457643292594,120.14492452495324,北門區圖書館,23.270354,120.124891,4.677899999999999,4.613333333333333,osrm_driving
grid_R040_C013,23.2435105228386,120.15469598849415,學甲區圖書館,23.230277,120.181923,3.7911,5.105,osrm_driving
grid_R040_C014,23.24356279477914,120.16446748057032,學甲區圖書館,23.230277,120.181923,2.9166,4.825,osrm_driving
grid_R040_C015,23.2436144591071,120.17423900085204,學甲區圖書館,23.230277,120.181923,2.4261,5.513333333333334,osrm_driving
grid_R040_C016,23.243665515815437,120.18401054900951,學甲區圖書館,23.230277,120.181923,1.9093,5.425,osrm_driving
grid_R040_C017,23.2437159648972,120.19378212471312,學甲區圖書館,23.230277,120.181923,2.742,6.005,osrm_driving
grid_R040_C018,23.24376580634551,120.20355372763298,學甲區圖書館,23.230277,120.181923,3.9112,6.345,osrm_driving
grid_R040_C019,23.243815040153574,120.21332535743944,學甲區圖書館,23.230277,120.181923,4.0103,6.626666666666667,osrm_driving
grid_R040_C020,23.24386366631468,120.22309701380269,學甲區圖書館,23.230277,120.181923,5.2557,10.203333333333337,osrm_driving
grid_R040_C021,23.243911684822212,120.23286869639296,下營區圖書館,23.235261,120.264393,5.234100000000001,11.886666666666668,osrm_driving
grid_R040_C022,23.24395909566961,120.24264040488058,下營區圖書館,23.235261,120.264393,3.6617,8.008333333333333,osrm_driving
grid_R040_C023,23.244005898850432,120.25241213893568,下營區圖書館,23.235261,120.264393,2.2293000000000003,5.761666666666667,osrm_driving
grid_R040_C024,23.24405209435828,120.26218389822851,下營區圖書館,23.235261,120.264393,1.4410999999999998,4.345,osrm_driving
grid_R040_C025,23.244097682186876,120.2719556824293,下營區圖書館,23.235261,120.264393,1.6378,3.546666666666667,osrm_driving
grid_R040_C026,23.24414266233,120.28172749120829,下營區圖書館,23.235261,120.264393,2.798,4.155,osrm_driving
grid_R040_C027,23.24418703478152,120.29149932423562,下營區圖書館,23.235261,120.264393,4.6215,7.998333333333333,osrm_driving
grid_R040_C028,23.24423079953539,120.30127118118156,下營區圖書館,23.235261,120.264393,5.8674,11.535,osrm_driving
grid_R040_C029,23.244273956585648,120.31104306171628,六甲區圖書館,23.231847,120.347466,4.4018999999999995,6.3100000000000005,osrm_driving
grid_R040_C030,23.244316505926417,120.32081496550998,柳營區圖書館,23.27839,120.311527,4.6525,6.3116666666666665,osrm_driving
grid_R040_C031,23.244358447551885,120.33058689223284,六甲區圖書館,23.231847,120.347466,3.7405,7.816666666666666,osrm_driving
grid_R040_C032,23.244399781456348,120.34035884155506,六甲區圖書館,23.231847,120.347466,3.4347,8.83,osrm_driving
grid_R040_C033,23.244440507634167,120.35013081314683,六甲區圖書館,23.231847,120.347466,2.4305,4.736666666666666,osrm_driving
grid_R040_C034,23.244480626079795,120.35990280667832,六甲區圖書館,23.231847,120.347466,2.7636,4.751666666666667,osrm_driving
grid_R040_C035,23.244520136787763,120.36967482181969,六甲區圖書館,23.231847,120.347466,5.0484,10.315,osrm_driving
grid_R040_C036,23.244559039752687,120.37944685824112,六甲區圖書館,23.231847,120.347466,4.503100000000001,7.53,osrm_driving
grid_R040_C037,23.24459733496926,120.3892189156128,六甲區圖書館,23.231847,120.347466,7.4372,13.37,osrm_driving
grid_R040_C038,23.244635022432274,120.3989909936048,六甲區圖書館,23.231847,120.347466,9.4908,17.17,osrm_driving
grid_R040_C039,23.244672102136587,120.4087630918874,六甲區圖書館,23.231847,120.347466,12.2289,18.793333333333333,osrm_driving
grid_R040_C040,23.244708574077137,120.41853521013068,六甲區圖書館,23.231847,120.347466,10.4465,12.143333333333334,osrm_driving
grid_R040_C041,23.244744438248972,120.42830734800478,六甲區圖書館,23.231847,120.347466,10.8587,12.618333333333334,osrm_driving
grid_R040_C042,23.244779694647185,120.4380795051799,六甲區圖書館,23.231847,120.347466,13.6017,15.566666666666666,osrm_driving
grid_R040_C043,23.244814343266988,120.44785168132611,六甲區圖書館,23.231847,120.347466,15.5953,21.366666666666667,osrm_driving
grid_R040_C044,23.244848384103637,120.45762387611362,楠西區圖書館,23.172789,120.487278,14.3891,22.615,osrm_driving
grid_R040_C045,23.24488181715251,120.4673960892125,楠西區圖書館,23.172789,120.487278,15.2288,19.185,osrm_driving
grid_R040_C046,23.244914642409057,120.4771683202929,楠西區圖書館,23.172789,120.487278,13.7418,16.288333333333334,osrm_driving
grid_R040_C047,23.244946859868783,120.48694056902497,楠西區圖書館,23.172789,120.487278,14.6099,23.666666666666668,osrm_driving
grid_R040_C048,23.244978469527304,120.4967128350788,楠西區圖書館,23.172789,120.487278,11.5613,30.178333333333335,osrm_driving
grid_R040_C049,23.245009471380328,120.50648511812456,楠西區圖書館,23.172789,120.487278,10.9089,26.27,osrm_driving
grid_R040_C050,23.245039865423603,120.5162574178323,楠西區圖書館,23.172789,120.487278,10.0604,17.61,osrm_driving
grid_R040_C051,23.245069651653008,120.5260297338722,楠西區圖書館,23.172789,120.487278,10.9092,19.201666666666664,osrm_driving
grid_R041_C006,23.25215690637464,120.0862348473933,北門區圖書館,23.270354,120.124891,5.0524,11.378333333333334,osrm_driving
grid_R041_C007,23.25221345588046,120.0960067904194,北門區圖書館,23.270354,120.124891,4.9866,11.115,osrm_driving
grid_R041_C008,23.252269397562184,120.10577876396816,北門區圖書館,23.270354,120.124891,3.7919,9.526666666666667,osrm_driving
grid_R041_C009,23.252324731412177,120.11555076770972,北門區圖書館,23.270354,120.124891,3.1513,6.003333333333333,osrm_driving
grid_R041_C010,23.25237945742291,120.1253228013144,北門區圖書館,23.270354,120.124891,2.5107,4.026666666666666,osrm_driving
grid_R041_C011,23.252433575586924,120.1350948644523,北門區圖書館,23.270354,120.124891,3.0049,4.835,osrm_driving
grid_R041_C012,23.252487085896835,120.14486695679363,北門區圖書館,23.270354,120.124891,4.6445,8.238333333333333,osrm_driving
grid_R041_C013,23.25253998834536,120.1546390780086,北門區圖書館,23.270354,120.124891,3.7044,4.258333333333334,osrm_driving
grid_R041_C014,23.252592282925285,120.16441122776736,學甲區圖書館,23.230277,120.181923,3.6207,8.166666666666666,osrm_driving
grid_R041_C015,23.252643969629485,120.17418340574012,學甲區圖書館,23.230277,120.181923,3.087,8.121666666666666,osrm_driving
grid_R041_C016,23.252695048450917,120.183955611597,學甲區圖書館,23.230277,120.181923,2.9774000000000003,9.83,osrm_driving
grid_R041_C017,23.25274551938262,120.1937278450082,學甲區圖書館,23.230277,120.181923,3.2453000000000003,5.043333333333334,osrm_driving
grid_R041_C018,23.25279538241771,120.20350010564384,學甲區圖書館,23.230277,120.181923,3.7459,5.545,osrm_driving
grid_R041_C019,23.25284463754939,120.21327239317412,學甲區圖書館,23.230277,120.181923,4.5937,10.505,osrm_driving
grid_R041_C020,23.252893284770963,120.22304470726915,學甲區圖書館,23.230277,120.181923,5.5667,14.401666666666667,osrm_driving
grid_R041_C021,23.252941324075785,120.23281704759908,下營區圖書館,23.235261,120.264393,5.5279,14.075,osrm_driving
grid_R041_C022,23.252988755457316,120.24258941383408,下營區圖書館,23.235261,120.264393,3.5831,8.463333333333333,osrm_driving
grid_R041_C023,23.25303557890908,120.2523618056442,下營區圖書館,23.235261,120.264393,2.6937,5.6899999999999995,osrm_driving
grid_R041_C024,23.253081794424713,120.26213422269964,下營區圖書館,23.235261,120.264393,3.0526,8.105,osrm_driving
grid_R041_C025,23.253127401997904,120.27190666467048,下營區圖書館,23.235261,120.264393,2.444,5.12,osrm_driving
grid_R041_C026,23.25317240162244,120.28167913122684,下營區圖書館,23.235261,120.264393,3.6755,6.243333333333334,osrm_driving
grid_R041_C027,23.253216793292182,120.29145162203884,柳營區圖書館,23.27839,120.311527,5.2332,7.936666666666667,osrm_driving
grid_R041_C028,23.2532605770011,120.30122413677664,柳營區圖書館,23.27839,120.311527,4.704,7.575,osrm_driving
grid_R041_C029,23.253303752743204,120.31099667511025,柳營區圖書館,23.27839,120.311527,3.0325,4.096666666666667,osrm_driving
grid_R041_C030,23.253346320512627,120.32076923670976,柳營區圖書館,23.27839,120.311527,3.7466,7.551666666666667,osrm_driving
grid_R041_C031,23.25338828030355,120.33054182124536,六甲區圖書館,23.231847,120.347466,4.9625,9.576666666666666,osrm_driving
grid_R041_C032,23.25342963211027,120.34031442838707,六甲區圖書館,23.231847,120.347466,4.2078,12.038333333333332,osrm_driving
grid_R041_C033,23.253470375927144,120.35008705780498,六甲區圖書館,23.231847,120.347466,6.157,9.363333333333332,osrm_driving
grid_R041_C034,23.253510511748615,120.3598597091692,六甲區圖書館,23.231847,120.347466,3.6058,5.1483333333333325,osrm_driving
grid_R041_C035,23.253550039569216,120.36963238214976,六甲區圖書館,23.231847,120.347466,4.4146,6.993333333333334,osrm_driving
grid_R041_C036,23.253588959383563,120.37940507641672,六甲區圖書館,23.231847,120.347466,5.7562,7.155,osrm_driving
grid_R041_C037,23.25362727118635,120.3891777916402,六甲區圖書館,23.231847,120.347466,7.1658,12.478333333333332,osrm_driving
grid_R041_C038,23.25366497497235,120.39895052749024,六甲區圖書館,23.231847,120.347466,10.1496,21.123333333333335,osrm_driving
grid_R041_C039,23.253702070736427,120.40872328363692,六甲區圖書館,23.231847,120.347466,10.6687,14.328333333333337,osrm_driving
grid_R041_C040,23.25373855847353,120.41849605975024,六甲區圖書館,23.231847,120.347466,11.6222,16.913333333333334,osrm_driving
grid_R041_C041,23.253774438178684,120.42826885550028,六甲區圖書館,23.231847,120.347466,12.5063,19.301666666666662,osrm_driving
grid_R041_C042,23.25380970984699,120.43804167055708,東山區圖書館,23.326158,120.404169,11.3995,17.18,osrm_driving
grid_R041_C043,23.253844373473655,120.44781450459072,東山區圖書館,23.326158,120.404169,11.3163,22.97,osrm_driving
grid_R041_C044,23.253878429053938,120.45758735727117,楠西區圖書館,23.172789,120.487278,16.5463,23.316666666666663,osrm_driving
grid_R041_C045,23.253911876583206,120.46736022826852,東山區圖書館,23.326158,120.404169,12.7674,20.516666666666666,osrm_driving
grid_R041_C046,23.253944716056896,120.47713311725278,東山區圖書館,23.326158,120.404169,14.4237,25.498333333333335,osrm_driving
grid_R041_C047,23.25397694747054,120.48690602389397,楠西區圖書館,23.172789,120.487278,15.0602,18.883333333333333,osrm_driving
grid_R041_C048,23.25400857081974,120.49667894786212,楠西區圖書館,23.172789,120.487278,19.2907,34.44833333333334,osrm_driving
grid_R041_C049,23.254039586100188,120.50645188882724,楠西區圖書館,23.172789,120.487278,20.2228,37.75833333333333,osrm_driving
grid_R041_C050,23.254069993307645,120.51622484645938,楠西區圖書館,23.172789,120.487278,20.887,44.406666666666666,osrm_driving
grid_R041_C051,23.254099792437987,120.52599782042854,楠西區圖書館,23.172789,120.487278,12.5348,25.175,osrm_driving
grid_R041_C052,23.254128983487135,120.5357708104047,楠西區圖書館,23.172789,120.487278,13.1773,23.801666666666662,osrm_driving
grid_R042_C007,23.26124276949832,120.09594590349847,北門區圖書館,23.270354,120.124891,2.7928,11.003333333333334,osrm_driving
grid_R042_C008,23.261298735401372,120.10571853500689,北門區圖書館,23.270354,120.124891,2.8404000000000003,5.260000000000001,osrm_driving
grid_R042_C009,23.26135409320955,120.11549119671716,北門區圖書館,23.270354,120.124891,2.2036,4.131666666666667,osrm_driving
grid_R042_C010,23.2614088429153,120.12526388829946,北門區圖書館,23.270354,120.124891,2.706,2.955,osrm_driving
grid_R042_C011,23.26146298451116,120.13503660942384,北門區圖書館,23.270354,120.124891,1.653,2.9283333333333332,osrm_driving
grid_R042_C012,23.261516517989765,120.14480935976042,北門區圖書館,23.270354,120.124891,2.3621,2.81,osrm_driving
grid_R042_C013,23.26156944334381,120.15458213897924,北門區圖書館,23.270354,120.124891,4.0889,5.535,osrm_driving
grid_R042_C014,23.261621760566076,120.16435494675044,北門區圖書館,23.270354,120.124891,5.5397,6.6433333333333335,osrm_driving
grid_R042_C015,23.26167346964943,120.17412778274408,學甲區圖書館,23.230277,120.181923,4.597,12.438333333333333,osrm_driving
grid_R042_C016,23.261724570586843,120.18390064663016,北門區圖書館,23.270354,120.124891,7.3426,6.775,osrm_driving
grid_R042_C017,23.26177506337133,120.19367353807884,學甲區圖書館,23.230277,120.181923,4.2945,6.62,osrm_driving
grid_R042_C018,23.26182494799603,120.2034464567601,學甲區圖書館,23.230277,120.181923,4.9773000000000005,8.645000000000001,osrm_driving
grid_R042_C019,23.26187422445412,120.21321940234408,學甲區圖書館,23.230277,120.181923,5.6336,9.038333333333332,osrm_driving
grid_R042_C020,23.261922892738905,120.22299237450076,學甲區圖書館,23.230277,120.181923,6.4238,10.466666666666669,osrm_driving
grid_R042_C021,23.26197095284374,120.23276537290016,新營區圖書館,23.2952,120.273886,6.5484,11.708333333333334,osrm_driving
grid_R042_C022,23.26201840476207,120.2425383972124,下營區圖書館,23.235261,120.264393,4.258100000000001,8.611666666666668,osrm_driving
grid_R042_C023,23.26206524848745,120.25231144710742,新營區圖書館,23.2952,120.273886,6.1017,8.948333333333332,osrm_driving
grid_R042_C024,23.26211148401346,120.26208452225532,新營區圖書館,23.2952,120.273886,5.2879,8.705,osrm_driving
grid_R042_C025,23.262157111333835,120.2718576223261,新營區圖書館,23.2952,120.273886,3.8977,3.933333333333333,osrm_driving
grid_R042_C026,23.262202130442333,120.2816307469898,新營區圖書館,23.2952,120.273886,5.4472,8.15,osrm_driving
grid_R042_C027,23.26224654133282,120.29140389591636,柳營區圖書館,23.27839,120.311527,5.6742,10.116666666666667,osrm_driving
grid_R042_C028,23.26229034399925,120.30117706877584,柳營區圖書館,23.27839,120.311527,3.1408,7.956666666666666,osrm_driving
grid_R042_C029,23.262333538435644,120.31095026523822,柳營區圖書館,23.27839,120.311527,2.949,4.496666666666667,osrm_driving
grid_R042_C030,23.262376124636127,120.32072348497351,柳營區圖書館,23.27839,120.311527,2.6632,6.321666666666667,osrm_driving
grid_R042_C031,23.26241810259488,120.33049672765176,柳營區圖書館,23.27839,120.311527,3.5076,9.2,osrm_driving
grid_R042_C032,23.26245947230619,120.34026999294284,六甲區圖書館,23.231847,120.347466,7.2947,10.563333333333333,osrm_driving
grid_R042_C033,23.262500233764417,120.35004328051684,六甲區圖書館,23.231847,120.347466,6.3648,9.004999999999999,osrm_driving
grid_R042_C034,23.262540386964005,120.35981659004368,六甲區圖書館,23.231847,120.347466,5.3627,8.976666666666667,osrm_driving
grid_R042_C035,23.26257993189948,120.36958992119337,六甲區圖書館,23.231847,120.347466,5.0,6.366666666666666,osrm_driving
grid_R042_C036,23.262618868565447,120.37936327363585,六甲區圖書館,23.231847,120.347466,6.4508,8.931666666666667,osrm_driving
grid_R042_C037,23.26265719695661,120.38913664704108,六甲區圖書館,23.231847,120.347466,7.3582,10.348333333333333,osrm_driving
grid_R042_C038,23.26269491706773,120.39891004107908,六甲區圖書館,23.231847,120.347466,8.6604,11.263333333333332,osrm_driving
grid_R042_C039,23.26273202889368,120.40868345541976,六甲區圖書館,23.231847,120.347466,10.0358,13.771666666666668,osrm_driving
grid_R042_C040,23.26276853242939,120.4184568897331,東山區圖書館,23.326158,120.404169,10.306,15.843333333333334,osrm_driving
grid_R042_C041,23.26280442766989,120.42823034368902,六甲區圖書館,23.231847,120.347466,12.9851,19.111666666666668,osrm_driving
grid_R042_C042,23.262839714610287,120.43800381695748,東山區圖書館,23.326158,120.404169,10.6786,16.813333333333333,osrm_driving
grid_R042_C043,23.26287439324577,120.44777730920846,東山區圖書館,23.326158,120.404169,10.1932,15.826666666666666,osrm_driving
grid_R042_C044,23.262908463571605,120.45755082011188,東山區圖書館,23.326158,120.404169,11.1737,18.928333333333335,osrm_driving
grid_R042_C045,23.26294192558316,120.46732434933762,東山區圖書館,23.326158,120.404169,13.3028,20.288333333333338,osrm_driving
grid_R042_C046,23.262974779275876,120.47709789655568,東山區圖書館,23.326158,120.404169,14.4104,24.543333333333333,osrm_driving
grid_R042_C047,23.263007024645255,120.48687146143595,楠西區圖書館,23.172789,120.487278,16.246299999999998,18.791666666666668,osrm_driving
grid_R042_C048,23.263038661686917,120.4966450436484,楠西區圖書館,23.172789,120.487278,17.2426,23.958333333333332,osrm_driving
grid_R042_C049,23.263069690396545,120.50641864286293,楠西區圖書館,23.172789,120.487278,19.547099999999997,36.45666666666667,osrm_driving
grid_R042_C050,23.26310011076991,120.51619225874944,楠西區圖書館,23.172789,120.487278,20.7779,43.74333333333333,osrm_driving
grid_R042_C051,23.263129922802865,120.52596589097784,楠西區圖書館,23.172789,120.487278,13.8346,32.983333333333334,osrm_driving
grid_R043_C007,23.270272072586216,120.09588498604576,北門區圖書館,23.270354,120.124891,3.1761999999999997,12.535,osrm_driving
grid_R043_C008,23.27032806271377,120.1056582758437,北門區圖書館,23.270354,120.124891,3.0972,11.971666666666666,osrm_driving
grid_R043_C009,23.270383444483254,120.11543159585258,北門區圖書館,23.270354,120.124891,10.9386,9.64,osrm_driving
grid_R043_C010,23.27043821788713,120.1252049457424,北門區圖書館,23.270354,120.124891,0.0281,0.03,osrm_driving
grid_R043_C011,23.27049238291791,120.13497832518318,北門區圖書館,23.270354,120.124891,1.0953,3.4949999999999997,osrm_driving
grid_R043_C012,23.270545939568223,120.14475173384491,北門區圖書館,23.270354,120.124891,2.6269,5.493333333333334,osrm_driving
grid_R043_C013,23.270598887830776,120.15452517139754,北門區圖書館,23.270354,120.124891,5.655600000000001,9.806666666666668,osrm_driving
grid_R043_C014,23.270651227698337,120.16429863751108,北門區圖書館,23.270354,120.124891,5.5868,9.418333333333331,osrm_driving
grid_R043_C015,23.270702959163785,120.1740721318555,北門區圖書館,23.270354,120.124891,6.238899999999999,11.921666666666663,osrm_driving
grid_R043_C016,23.270754082220066,120.18384565410076,學甲區圖書館,23.230277,120.181923,6.0832,9.918333333333331,osrm_driving
grid_R043_C017,23.2708045968602,120.19361920391684,學甲區圖書館,23.230277,120.181923,7.0602,12.63,osrm_driving
grid_R043_C018,23.270854503077313,120.2033927809737,學甲區圖書館,23.230277,120.181923,6.2623,9.961666666666668,osrm_driving
grid_R043_C019,23.270903800864613,120.21316638494127,學甲區圖書館,23.230277,120.181923,6.5507,11.46,osrm_driving
grid_R043_C020,23.27095249021535,120.22294001548956,學甲區圖書館,23.230277,120.181923,6.7853,9.42,osrm_driving
grid_R043_C021,23.27100057112292,120.23271367228844,新營區圖書館,23.2952,120.273886,6.6073,11.273333333333332,osrm_driving
grid_R043_C022,23.27104804358075,120.24248735500788,新營區圖書館,23.2952,120.273886,4.855,8.49,osrm_driving
grid_R043_C023,23.271094907582366,120.2522610633178,新營區圖書館,23.2952,120.273886,4.7566999999999995,8.78,osrm_driving
grid_R043_C024,23.271141163121392,120.26203479688816,新營區圖書館,23.2952,120.273886,4.6895,6.4,osrm_driving
grid_R043_C025,23.271186810191516,120.27180855538884,新營區圖書館,23.2952,120.273886,3.096,4.511666666666667,osrm_driving
grid_R043_C026,23.27123184878652,120.28158233848978,新營區圖書館,23.2952,120.273886,5.3271999999999995,7.6016666666666675,osrm_driving
grid_R043_C027,23.271276278900267,120.29135614586092,柳營區圖書館,23.27839,120.311527,2.5143,4.328333333333333,osrm_driving
grid_R043_C028,23.271320100526683,120.30112997717212,柳營區圖書館,23.27839,120.311527,2.2335,6.13,osrm_driving
grid_R043_C029,23.27136331365982,120.31090383209332,柳營區圖書館,23.27839,120.311527,1.2548,3.568333333333334,osrm_driving
grid_R043_C030,23.27140591829377,120.3206777102944,柳營區圖書館,23.27839,120.311527,2.956,4.461666666666667,osrm_driving
grid_R043_C031,23.271447914422723,120.33045161144526,柳營區圖書館,23.27839,120.311527,3.0525,6.4766666666666675,osrm_driving
grid_R043_C032,23.271489302040976,120.34022553521577,柳營區圖書館,23.27839,120.311527,4.1516,8.635,osrm_driving
grid_R043_C033,23.271530081142856,120.34999948127584,柳營區圖書館,23.27839,120.311527,5.269399999999999,8.258333333333333,osrm_driving
grid_R043_C034,23.27157025172283,120.35977344929536,柳營區圖書館,23.27839,120.311527,5.9055,9.993333333333334,osrm_driving
grid_R043_C035,23.271609813775413,120.36954743894417,六甲區圖書館,23.231847,120.347466,7.8066,10.716666666666669,osrm_driving
grid_R043_C036,23.271648767295208,120.37932144989216,六甲區圖書館,23.231847,120.347466,10.2393,9.155,osrm_driving
grid_R043_C037,23.27168711227691,120.38909548180922,六甲區圖書館,23.231847,120.347466,7.247,10.101666666666668,osrm_driving
grid_R043_C038,23.271724848715294,120.3988695343652,六甲區圖書館,23.231847,120.347466,8.756,12.361666666666668,osrm_driving
grid_R043_C039,23.27176197660521,120.40864360722996,六甲區圖書館,23.231847,120.347466,9.8003,16.226666666666667,osrm_driving
grid_R043_C040,23.271798495941592,120.41841770007332,東山區圖書館,23.326158,120.404169,9.256,14.516666666666667,osrm_driving
grid_R043_C041,23.27183440671947,120.4281918125652,東山區圖書館,23.326158,120.404169,10.7064,21.246666666666663,osrm_driving
grid_R043_C042,23.271869708933956,120.4379659443754,東山區圖書館,23.326158,120.404169,8.5219,13.071666666666664,osrm_driving
grid_R043_C043,23.27190440258022,120.44774009517378,東山區圖書館,23.326158,120.404169,10.8304,17.1,osrm_driving
grid_R043_C044,23.271938487653543,120.4575142646302,東山區圖書館,23.326158,120.404169,11.8735,21.831666666666667,osrm_driving
grid_R043_C045,23.27197196414928,120.46728845241444,東山區圖書館,23.326158,120.404169,12.0592,18.631666666666668,osrm_driving
grid_R043_C046,23.272004832062855,120.47706265819636,東山區圖書館,23.326158,120.404169,13.3706,20.65666666666667,osrm_driving
grid_R043_C047,23.272037091389805,120.48683688164584,東山區圖書館,23.326158,120.404169,14.4272,22.65666666666667,osrm_driving
grid_R043_C048,23.27206874212571,120.49661112243264,楠西區圖書館,23.172789,120.487278,18.0467,22.53666666666667,osrm_driving
grid_R043_C049,23.272099784266285,120.50638538022665,楠西區圖書館,23.172789,120.487278,20.3642,24.026666666666664,osrm_driving
grid_R043_C050,23.27213021780727,120.51615965469756,楠西區圖書館,23.172789,120.487278,20.5083,26.323333333333338,osrm_driving
grid_R043_C051,23.27216004274453,120.52593394551536,楠西區圖書館,23.172789,120.487278,16.0768,30.76833333333333,osrm_driving
grid_R044_C007,23.279301365140984,120.09582403805211,北門區圖書館,23.270354,120.124891,4.0552,16.051666666666666,osrm_driving
grid_R044_C008,23.279357379496208,120.1055979864696,北門區圖書館,23.270354,120.124891,3.1988000000000003,12.746666666666666,osrm_driving
grid_R044_C009,23.279412785230143,120.11537196510706,北門區圖書館,23.270354,120.124891,2.1883000000000004,8.68,osrm_driving
grid_R044_C010,23.279467582335226,120.12514597363445,北門區圖書館,23.270354,120.124891,12.3161,10.703333333333337,osrm_driving
grid_R044_C011,23.27952177080399,120.13492001172162,北門區圖書館,23.270354,120.124891,2.3531,2.7116666666666664,osrm_driving
grid_R044_C012,23.279575350629045,120.14469407903847,北門區圖書館,23.270354,120.124891,3.221,6.275,osrm_driving
grid_R044_C013,23.279628321803106,120.15446817525492,北門區圖書館,23.270354,120.124891,4.8071,10.153333333333334,osrm_driving
grid_R044_C014,23.27968068431893,120.16424230004084,北門區圖書館,23.270354,120.124891,6.1775,9.618333333333334,osrm_driving
grid_R044_C015,23.279732438169383,120.1740164530661,北門區圖書館,23.270354,120.124891,6.5341000000000005,10.148333333333332,osrm_driving
grid_R044_C016,23.279783583347424,120.18379063400056,學甲區圖書館,23.230277,120.181923,7.3711,11.906666666666666,osrm_driving
grid_R044_C017,23.279834119846072,120.1935648425141,學甲區圖書館,23.230277,120.181923,6.8768,10.846666666666666,osrm_driving
grid_R044_C018,23.27988404765843,120.20333907827658,鹽水區圖書館,23.316355,120.2664,8.1591,12.43,osrm_driving
grid_R044_C019,23.27993336677771,120.21311334095785,鹽水區圖書館,23.316355,120.2664,7.2828,10.361666666666668,osrm_driving
grid_R044_C020,23.279982077197175,120.22288763022776,鹽水區圖書館,23.316355,120.2664,6.8571,10.823333333333332,osrm_driving
grid_R044_C021,23.280030178910184,120.23266194575616,鹽水區圖書館,23.316355,120.2664,5.5154,7.335,osrm_driving
grid_R044_C022,23.280077671910192,120.24243628721288,鹽水區圖書館,23.316355,120.2664,5.5402,8.966666666666667,osrm_driving
grid_R044_C023,23.28012455619071,120.25221065426776,新營區圖書館,23.2952,120.273886,3.1488,5.1016666666666675,osrm_driving
grid_R044_C024,23.280170831745355,120.26198504659064,新營區圖書館,23.2952,120.273886,2.5126999999999997,4.8516666666666675,osrm_driving
grid_R044_C025,23.280216498567828,120.27175946385134,新營區圖書館,23.2952,120.273886,2.618,6.835,osrm_driving
grid_R044_C026,23.28026155665188,120.28153390571964,新營區圖書館,23.2952,120.273886,2.4669,4.631666666666666,osrm_driving
grid_R044_C027,23.280306005991388,120.29130837186544,柳營區圖書館,23.27839,120.311527,2.3937,4.676666666666667,osrm_driving
grid_R044_C028,23.28034984658029,120.30108286195843,柳營區圖書館,23.27839,120.311527,1.5819,2.8033333333333332,osrm_driving
grid_R044_C029,23.280393078412597,120.31085737566852,柳營區圖書館,23.27839,120.311527,0.3943,1.3,osrm_driving
grid_R044_C030,23.28043570148243,120.32063191266546,柳營區圖書館,23.27839,120.311527,1.3085,2.325,osrm_driving
grid_R044_C031,23.280477715783967,120.33040647261907,柳營區圖書館,23.27839,120.311527,2.3781,3.9833333333333334,osrm_driving
grid_R044_C032,23.28051912131148,120.34018105519912,柳營區圖書館,23.27839,120.311527,3.4715,6.258333333333334,osrm_driving
grid_R044_C033,23.280559918059343,120.3499556600754,柳營區圖書館,23.27839,120.311527,4.601,9.128333333333334,osrm_driving
grid_R044_C034,23.28060010602197,120.35973028691772,柳營區圖書館,23.27839,120.311527,5.5708,9.366666666666667,osrm_driving
grid_R044_C035,23.2806396851939,120.36950493539578,東山區圖書館,23.326158,120.404169,7.5193,11.478333333333332,osrm_driving
grid_R044_C036,23.280678655569723,120.37927960517943,東山區圖書館,23.326158,120.404169,6.3683000000000005,10.023333333333332,osrm_driving
grid_R044_C037,23.280717017144145,120.38905429593844,東山區圖書館,23.326158,120.404169,6.6133999999999995,10.571666666666664,osrm_driving
grid_R044_C038,23.280754769911912,120.39882900734254,東山區圖書館,23.326158,120.404169,8.1976,14.736666666666668,osrm_driving
grid_R044_C039,23.280791913867898,120.4086037390615,東山區圖書館,23.326158,120.404169,7.5389,12.451666666666666,osrm_driving
grid_R044_C040,23.280828449007025,120.4183784907651,東山區圖書館,23.326158,120.404169,7.102,15.95,osrm_driving
grid_R044_C041,23.280864375324313,120.42815326212306,東山區圖書館,23.326158,120.404169,7.4712,15.171666666666663,osrm_driving
grid_R044_C042,23.280899692814877,120.43792805280512,東山區圖書館,23.326158,120.404169,7.1785,12.115,osrm_driving
grid_R044_C043,23.28093440147389,120.4477028624811,東山區圖書館,23.326158,120.404169,9.8514,19.331666666666667,osrm_driving
grid_R044_C044,23.280968501296627,120.45747769082068,東山區圖書館,23.326158,120.404169,9.6329,15.128333333333334,osrm_driving
grid_R044_C045,23.281001992278433,120.46725253749356,東山區圖書館,23.326158,120.404169,11.5985,18.006666666666668,osrm_driving
grid_R044_C046,23.28103487441474,120.47702740216955,東山區圖書館,23.326158,120.404169,13.2808,21.436666666666667,osrm_driving
grid_R044_C047,23.281067147701073,120.48680228451836,東山區圖書館,23.326158,120.404169,14.0264,23.853333333333335,osrm_driving
grid_R044_C048,23.28109881213303,120.4965771842097,東山區圖書館,23.326158,120.404169,14.9191,23.146666666666665,osrm_driving
grid_R044_C049,23.281129867706294,120.50635210091332,楠西區圖書館,23.172789,120.487278,19.933,24.455,osrm_driving
grid_R044_C050,23.281160314416628,120.51612703429892,東山區圖書館,23.326158,120.404169,18.2523,32.80166666666666,osrm_driving
grid_R044_C051,23.28119015225988,120.52590198403622,東山區圖書館,23.326158,120.404169,19.2977,34.440000000000005,osrm_driving
grid_R045_C007,23.28833064715947,120.0957630595084,北門區圖書館,23.270354,120.124891,4.7606,19.12,osrm_driving
grid_R045_C008,23.288386685745525,120.10553766687548,北門區圖書館,23.270354,120.124891,3.7312,15.003333333333334,osrm_driving
grid_R045_C009,23.28844211544703,120.11531230447164,北門區圖書館,23.270354,120.124891,3.3685,13.55,osrm_driving
grid_R045_C010,23.28849693625643,120.12508697196668,北門區圖書館,23.270354,120.124891,3.8589,8.318333333333333,osrm_driving
grid_R045_C011,23.288551148166245,120.13486166903031,北門區圖書館,23.270354,120.124891,2.8915,4.198333333333333,osrm_driving
grid_R045_C012,23.28860475116908,120.14463639533248,北門區圖書館,23.270354,120.124891,3.3394,4.278333333333333,osrm_driving
grid_R045_C013,23.28865774525763,120.15441115054284,北門區圖書館,23.270354,120.124891,4.996,8.241666666666667,osrm_driving
grid_R045_C014,23.28871013042468,120.16418593433126,北門區圖書館,23.270354,120.124891,6.482399999999999,10.873333333333331,osrm_driving
grid_R045_C015,23.28876190666308,120.17396074636748,北門區圖書館,23.270354,120.124891,7.5651,10.483333333333333,osrm_driving
grid_R045_C016,23.28881307396577,120.18373558632128,北門區圖書館,23.270354,120.124891,8.0355,10.341666666666669,osrm_driving
grid_R045_C017,23.288863632325775,120.1935104538624,北門區圖書館,23.270354,120.124891,9.3677,13.38,osrm_driving
grid_R045_C018,23.288913581736217,120.20328534866064,鹽水區圖書館,23.316355,120.2664,8.25,12.321666666666664,osrm_driving
grid_R045_C019,23.288962922190265,120.21306027038575,鹽水區圖書館,23.316355,120.2664,7.046399999999999,10.773333333333332,osrm_driving
grid_R045_C020,23.2890116536812,120.22283521870747,鹽水區圖書館,23.316355,120.2664,6.7839,10.948333333333332,osrm_driving
grid_R045_C021,23.28905977620239,120.23261019329556,鹽水區圖書館,23.316355,120.2664,4.9323999999999995,7.845,osrm_driving
grid_R045_C022,23.289107289747253,120.24238519381974,鹽水區圖書館,23.316355,120.2664,4.3216,6.1016666666666675,osrm_driving
grid_R045_C023,23.28915419430933,120.25216021994974,鹽水區圖書館,23.316355,120.2664,3.9583,5.801666666666667,osrm_driving
grid_R045_C024,23.289200489882223,120.26193527135533,新營區圖書館,23.2952,120.273886,2.2576,5.114999999999999,osrm_driving
grid_R045_C025,23.28924617645961,120.27171034770618,新營區圖書館,23.2952,120.273886,0.9491,1.725,osrm_driving
grid_R045_C026,23.289291254035273,120.28148544867206,新營區圖書館,23.2952,120.273886,1.4934,3.128333333333333,osrm_driving
grid_R045_C027,23.28933572260306,120.29126057392268,柳營區圖書館,23.27839,120.311527,2.7491999999999996,6.068333333333333,osrm_driving
grid_R045_C028,23.289379582156908,120.3010357231277,柳營區圖書館,23.27839,120.311527,2.5664,5.42,osrm_driving
grid_R045_C029,23.289422832690843,120.31081089595688,柳營區圖書館,23.27839,120.311527,1.5146,3.821666666666667,osrm_driving
grid_R045_C030,23.28946547419897,120.32058609207988,柳營區圖書館,23.27839,120.311527,2.6738000000000004,5.366666666666666,osrm_driving
grid_R045_C031,23.289507506675463,120.33036131116644,柳營區圖書館,23.27839,120.311527,3.6613,5.266666666666667,osrm_driving
grid_R045_C032,23.2895489301146,120.34013655288622,柳營區圖書館,23.27839,120.311527,4.977,8.258333333333333,osrm_driving
grid_R045_C033,23.28958974451073,120.34991181690896,柳營區圖書館,23.27839,120.311527,5.679,9.001666666666667,osrm_driving
grid_R045_C034,23.289629949858295,120.35968710290426,柳營區圖書館,23.27839,120.311527,6.9628000000000005,11.14,osrm_driving
grid_R045_C035,23.289669546151806,120.36946241054186,東山區圖書館,23.326158,120.404169,6.894100000000001,10.146666666666668,osrm_driving
grid_R045_C036,23.289708533385873,120.3792377394914,東山區圖書館,23.326158,120.404169,5.9817,8.526666666666667,osrm_driving
grid_R045_C037,23.289746911555167,120.38901308942258,東山區圖書館,23.326158,120.404169,5.293399999999999,8.666666666666666,osrm_driving
grid_R045_C038,23.289784680654464,120.39878846000504,東山區圖書館,23.326158,120.404169,5.161,7.791666666666667,osrm_driving
grid_R045_C039,23.289821840678616,120.40856385090846,東山區圖書館,23.326158,120.404169,6.4799,12.391666666666667,osrm_driving
grid_R045_C040,23.289858391622552,120.41833926180249,東山區圖書館,23.326158,120.404169,7.6138,17.04,osrm_driving
grid_R045_C041,23.289894333481293,120.4281146923568,東山區圖書館,23.326158,120.404169,5.442699999999999,8.243333333333334,osrm_driving
grid_R045_C042,23.289929666249932,120.43789014224102,東山區圖書館,23.326158,120.404169,8.585899999999999,18.49,osrm_driving
grid_R045_C043,23.289964389923664,120.44766561112478,東山區圖書館,23.326158,120.404169,8.200899999999999,12.53,osrm_driving
grid_R045_C044,23.28999850449774,120.45744109867778,東山區圖書館,23.326158,120.404169,9.0025,19.788333333333338,osrm_driving
grid_R045_C045,23.29003200996751,120.4672166045696,東山區圖書館,23.326158,120.404169,11.7582,25.01833333333333,osrm_driving
grid_R045_C046,23.290064906328418,120.4769921284699,東山區圖書館,23.326158,120.404169,12.8435,29.61,osrm_driving
grid_R045_C047,23.290097193575964,120.48676767004837,東山區圖書館,23.326158,120.404169,14.5675,23.73,osrm_driving
grid_R045_C048,23.29012887170575,120.4965432289745,東山區圖書館,23.326158,120.404169,14.9017,22.76833333333333,osrm_driving
grid_R045_C049,23.290159940713465,120.50631880491804,東山區圖書館,23.326158,120.404169,16.5838,24.84,osrm_driving
grid_R045_C050,23.290190400594867,120.51609439754856,東山區圖書館,23.326158,120.404169,18.1889,30.375,osrm_driving
grid_R045_C051,23.290220251345797,120.52587000653568,東山區圖書館,23.326158,120.404169,18.4191,29.42,osrm_driving
grid_R046_C007,23.29735991863847,120.0957020504054,北門區圖書館,23.270354,120.124891,6.577,19.331666666666667,osrm_driving
grid_R046_C008,23.297415981458546,120.1054773170523,北門區圖書館,23.270354,120.124891,5.9509,16.825,osrm_driving
grid_R046_C009,23.297471435130767,120.11525261393734,北門區圖書館,23.270354,120.124891,7.9099,12.176666666666668,osrm_driving
grid_R046_C010,23.297526279647577,120.12502794073023,北門區圖書館,23.270354,120.124891,6.5435,10.86,osrm_driving
grid_R046_C011,23.297580515001503,120.13480329710062,北門區圖書館,23.270354,120.124891,5.0558000000000005,6.5233333333333325,osrm_driving
grid_R046_C012,23.29763414118515,120.14457868271822,北門區圖書館,23.270354,120.124891,4.3578,4.388333333333334,osrm_driving
grid_R046_C013,23.2976871581912,120.15435409725276,北門區圖書館,23.270354,120.124891,5.0363999999999995,6.596666666666667,osrm_driving
grid_R046_C014,23.297739566012435,120.16412954037388,北門區圖書館,23.270354,120.124891,5.801399999999999,7.248333333333333,osrm_driving
grid_R046_C015,23.2977913646417,120.17390501175127,北門區圖書館,23.270354,120.124891,6.9885,9.633333333333333,osrm_driving
grid_R046_C016,23.297842554071945,120.18368051105465,北門區圖書館,23.270354,120.124891,7.7206,13.905,osrm_driving
grid_R046_C017,23.297893134296174,120.1934560379536,北門區圖書館,23.270354,120.124891,12.4197,13.83,osrm_driving
grid_R046_C018,23.297943105307507,120.20323159211785,鹽水區圖書館,23.316355,120.2664,11.693700000000002,13.923333333333334,osrm_driving
grid_R046_C019,23.297992467099128,120.21300717321704,鹽水區圖書館,23.316355,120.2664,10.6445,14.968333333333334,osrm_driving
grid_R046_C020,23.2980412196643,120.2227827809208,鹽水區圖書館,23.316355,120.2664,5.6777,9.458333333333334,osrm_driving
grid_R046_C021,23.29808936299638,120.23255841489885,鹽水區圖書館,23.316355,120.2664,4.9,8.48,osrm_driving
grid_R046_C022,23.298136897088806,120.24233407482072,鹽水區圖書館,23.316355,120.2664,3.8626,6.291666666666667,osrm_driving
grid_R046_C023,23.29818382193509,120.25210976035616,鹽水區圖書館,23.316355,120.2664,2.953,4.538333333333333,osrm_driving
grid_R046_C024,23.298230137528833,120.2618854711747,新營區圖書館,23.2952,120.273886,2.1226,5.489999999999999,osrm_driving
grid_R046_C025,23.298275843863735,120.27166120694602,新營區圖書館,23.2952,120.273886,0.5545,1.3066666666666669,osrm_driving
grid_R046_C026,23.29832094093355,120.28143696733972,新營區圖書館,23.2952,120.273886,1.1523,2.8666666666666667,osrm_driving
grid_R046_C027,23.298365428732133,120.29121275202544,新營區圖書館,23.2952,120.273886,2.6344000000000003,5.33,osrm_driving
grid_R046_C028,23.298409307253426,120.3009885606728,新營文化中心圖書館,23.308579,120.315842,2.3472,4.305000000000001,osrm_driving
grid_R046_C029,23.298452576491425,120.31076439295136,新營文化中心圖書館,23.308579,120.315842,1.5258,2.681666666666666,osrm_driving
grid_R046_C030,23.298495236440253,120.32054024853078,新營文化中心圖書館,23.308579,120.315842,1.4676,3.0616666666666665,osrm_driving
grid_R046_C031,23.298537287094085,120.3303161270806,柳營區圖書館,23.27839,120.311527,4.6983999999999995,9.371666666666666,osrm_driving
grid_R046_C032,23.298578728447183,120.34009202827043,新營文化中心圖書館,23.308579,120.315842,4.8531,9.675,osrm_driving
grid_R046_C033,23.2986195604939,120.3498679517699,柳營區圖書館,23.27839,120.311527,6.2335,9.78,osrm_driving
grid_R046_C034,23.298659783228675,120.35964389724852,東山區圖書館,23.326158,120.404169,7.004,11.478333333333332,osrm_driving
grid_R046_C035,23.29869939664601,120.36941986437594,東山區圖書館,23.326158,120.404169,6.0537,9.675,osrm_driving
grid_R046_C036,23.298738400740515,120.37919585282172,東山區圖書館,23.326158,120.404169,4.9523,6.911666666666666,osrm_driving
grid_R046_C037,23.298776795506868,120.3889718622554,東山區圖書館,23.326158,120.404169,3.792,5.13,osrm_driving
grid_R046_C038,23.298814580939833,120.39874789234658,東山區圖書館,23.326158,120.404169,4.3564,7.211666666666667,osrm_driving
grid_R046_C039,23.298851757034253,120.40852394276476,白河區圖書館,23.353425,120.414315,11.0304,10.82,osrm_driving
grid_R046_C040,23.298888323785068,120.41830001317962,東山區圖書館,23.326158,120.404169,3.9692,6.036666666666666,osrm_driving
grid_R046_C041,23.298924281187286,120.4280761032606,東山區圖書館,23.326158,120.404169,4.8831999999999995,8.588333333333333,osrm_driving
grid_R046_C042,23.29895962923601,120.4378522126773,東山區圖書館,23.326158,120.404169,5.749,8.841666666666667,osrm_driving
grid_R046_C043,23.298994367926415,120.44762834109927,東山區圖書館,23.326158,120.404169,6.601100000000001,10.116666666666667,osrm_driving
grid_R046_C044,23.29902849725376,120.45740448819603,東山區圖書館,23.326158,120.404169,7.7909,12.246666666666666,osrm_driving
grid_R046_C045,23.2990620172134,120.46718065363714,東山區圖書館,23.326158,120.404169,12.6475,28.668333333333333,osrm_driving
grid_R046_C046,23.299094927800756,120.47695683709216,東山區圖書館,23.326158,120.404169,13.5534,32.21666666666667,osrm_driving
grid_R046_C047,23.299127229011344,120.48673303823055,白河區圖書館,23.353425,120.414315,13.6956,26.965,osrm_driving
grid_R046_C048,23.29915892084076,120.49650925672194,東山區圖書館,23.326158,120.404169,15.7166,27.22,osrm_driving
grid_R046_C049,23.29919000328469,120.50628549223576,白河區圖書館,23.353425,120.414315,20.9391,27.165000000000003,osrm_driving
grid_R046_C050,23.29922047633888,120.51606174444156,東山區圖書館,23.326158,120.404169,19.6353,33.291666666666664,osrm_driving
grid_R046_C051,23.29925033999918,120.52583801300892,東山區圖書館,23.326158,120.404169,21.1195,42.18333333333333,osrm_driving
grid_R047_C008,23.306445266632103,120.10541693699103,北門區圖書館,23.270354,120.124891,7.4909,9.39,osrm_driving
grid_R047_C009,23.306500744278175,120.11519289349523,北門區圖書館,23.270354,120.124891,7.292800000000001,9.093333333333334,osrm_driving
grid_R047_C010,23.306555612505505,120.12496887991624,北門區圖書館,23.270354,120.124891,7.3102,10.648333333333332,osrm_driving
grid_R047_C011,23.306609871306613,120.13474489592365,北門區圖書館,23.270354,120.124891,5.8052,9.188333333333333,osrm_driving
grid_R047_C012,23.306663520674103,120.14452094118708,北門區圖書館,23.270354,120.124891,4.9144,5.568333333333333,osrm_driving
grid_R047_C013,23.30671656060066,120.15429701537605,北門區圖書館,23.270354,120.124891,5.899,6.056666666666667,osrm_driving
grid_R047_C014,23.306768991079046,120.1640731181602,北門區圖書館,23.270354,120.124891,8.242799999999999,10.663333333333332,osrm_driving
grid_R047_C015,23.306820812102107,120.17384924920913,北門區圖書館,23.270354,120.124891,9.1427,12.823333333333332,osrm_driving
grid_R047_C020,23.307070775143316,120.22273031685994,鹽水區圖書館,23.316355,120.2664,10.1286,12.268333333333334,osrm_driving
grid_R047_C021,23.307118939289023,120.23250661055825,鹽水區圖書館,23.316355,120.2664,4.464899999999999,9.53,osrm_driving
grid_R047_C022,23.307166493931685,120.24228293020822,鹽水區圖書館,23.316355,120.2664,3.4376,6.0600000000000005,osrm_driving
grid_R047_C023,23.30721343906483,120.2520592754794,鹽水區圖書館,23.316355,120.2664,2.2058,5.566666666666666,osrm_driving
grid_R047_C024,23.307259774682063,120.26183564604128,鹽水區圖書館,23.316355,120.2664,1.1654,1.82,osrm_driving
grid_R047_C025,23.307305500777055,120.27161204156344,新營區圖書館,23.2952,120.273886,1.4137,1.6583333333333334,osrm_driving
grid_R047_C026,23.30735061734358,120.2813884617154,鹽水區圖書館,23.316355,120.2664,2.1687,3.88,osrm_driving
grid_R047_C027,23.30739512437548,120.29116490616664,新營區圖書館,23.2952,120.273886,4.6393,7.171666666666667,osrm_driving
grid_R047_C028,23.307439021866685,120.30094137458669,新營文化中心圖書館,23.308579,120.315842,2.0247,3.911666666666666,osrm_driving
grid_R047_C029,23.30748230981121,120.31071786664504,新營文化中心圖書館,23.308579,120.315842,0.7394,1.66,osrm_driving
grid_R047_C030,23.30752498820316,120.32049438201122,新營文化中心圖書館,23.308579,120.315842,0.6012000000000001,1.115,osrm_driving
grid_R047_C031,23.3075670570367,120.3302709203547,新營文化中心圖書館,23.308579,120.315842,1.9642,3.671666666666667,osrm_driving
grid_R047_C032,23.307608516306107,120.34004748134502,新營文化中心圖書館,23.308579,120.315842,3.7764,7.025,osrm_driving
grid_R047_C033,23.307649366005727,120.34982406465164,新營文化中心圖書館,23.308579,120.315842,3.8743,6.613333333333333,osrm_driving
grid_R047_C034,23.307689606129983,120.35960066994404,新營文化中心圖書館,23.308579,120.315842,4.9544,8.113333333333333,osrm_driving
grid_R047_C035,23.307729236673385,120.3693772968917,東山區圖書館,23.326158,120.404169,5.3179,9.768333333333334,osrm_driving
grid_R047_C036,23.307768257630546,120.37915394516412,東山區圖書館,23.326158,120.404169,3.7601,6.956666666666666,osrm_driving
grid_R047_C037,23.30780666899612,120.38893061443072,東山區圖書館,23.326158,120.404169,3.8981,8.27,osrm_driving
grid_R047_C038,23.30784447076489,120.39870730436104,東山區圖書館,23.326158,120.404169,2.3916999999999997,3.81,osrm_driving
grid_R047_C039,23.30788166293169,120.40848401462448,東山區圖書館,23.326158,120.404169,2.4141999999999997,4.145,osrm_driving
grid_R047_C040,23.30791824549145,120.41826074489056,東山區圖書館,23.326158,120.404169,3.5914,7.288333333333333,osrm_driving
grid_R047_C041,23.307954218439185,120.4280374948287,東山區圖書館,23.326158,120.404169,4.1543,9.103333333333332,osrm_driving
grid_R047_C042,23.307989581769984,120.43781426410834,東山區圖書館,23.326158,120.404169,4.7157,7.291666666666667,osrm_driving
grid_R047_C043,23.30802433547903,120.44759105239896,白河區圖書館,23.353425,120.414315,8.3206,14.823333333333332,osrm_driving
grid_R047_C044,23.30805847956158,120.45736785936997,白河區圖書館,23.353425,120.414315,9.3287,14.686666666666667,osrm_driving
grid_R047_C045,23.308092014012978,120.46714468469082,白河區圖書館,23.353425,120.414315,10.9957,17.813333333333333,osrm_driving
grid_R047_C046,23.30812493882865,120.476921528031,白河區圖書館,23.353425,120.414315,12.7971,23.358333333333334,osrm_driving
grid_R047_C047,23.308157254004108,120.48669838905984,白河區圖書館,23.353425,120.414315,13.7327,21.495,osrm_driving
grid_R047_C048,23.30818895953495,120.49647526744688,白河區圖書館,23.353425,120.414315,18.9088,25.861666666666668,osrm_driving
grid_R047_C049,23.30822005541684,120.5062521628615,白河區圖書館,23.353425,120.414315,20.1183,29.618333333333332,osrm_driving
grid_R047_C050,23.30825054164555,120.5160290749731,白河區圖書館,23.353425,120.414315,22.2536,32.751666666666665,osrm_driving
grid_R047_C051,23.308280418216924,120.52580600345112,白河區圖書館,23.353425,120.414315,49.8173,86.095,osrm_driving
grid_R048_C009,23.315530042886103,120.11513314313632,北門區圖書館,23.270354,120.124891,8.351299999999998,13.998333333333331,osrm_driving
grid_R048_C010,23.31558493482706,120.12490978951588,北門區圖書館,23.270354,120.124891,8.574,14.89,osrm_driving
grid_R048_C011,23.315639217078424,120.1346864654907,北門區圖書館,23.270354,120.124891,7.6319,14.035,osrm_driving
grid_R048_C012,23.315692889632793,120.14446317073028,北門區圖書館,23.270354,120.124891,6.6052,9.93,osrm_driving
grid_R048_C013,23.31574595248285,120.15423990490416,北門區圖書館,23.270354,120.124891,7.2075,7.126666666666667,osrm_driving
grid_R048_C021,23.31614850507717,120.232454780266,鹽水區圖書館,23.316355,120.2664,5.317,8.806666666666667,osrm_driving
grid_R048_C022,23.316196080272768,120.24223175997452,鹽水區圖書館,23.316355,120.2664,3.682,7.62,osrm_driving
grid_R048_C023,23.31624304569544,120.25200876531194,鹽水區圖書館,23.316355,120.2664,2.8605,5.47,osrm_driving
grid_R048_C024,23.316289401338768,120.26178579594766,鹽水區圖書館,23.316355,120.2664,1.0172,2.6633333333333336,osrm_driving
grid_R048_C025,23.316335147196444,120.27156285155112,鹽水區圖書館,23.316355,120.2664,1.0391,2.9099999999999997,osrm_driving
grid_R048_C026,23.31638028326223,120.28133993179176,鹽水區圖書館,23.316355,120.2664,2.6837,5.415,osrm_driving
grid_R048_C027,23.316424809529963,120.291117036339,鹽水區圖書館,23.316355,120.2664,3.5587,9.071666666666664,osrm_driving
grid_R048_C028,23.316468725993573,120.30089416486224,新營文化中心圖書館,23.308579,120.315842,2.3772,4.983333333333333,osrm_driving
grid_R048_C029,23.316512032647065,120.3106713170309,新營文化中心圖書館,23.308579,120.315842,1.7123,3.3016666666666667,osrm_driving
grid_R048_C030,23.31655472948455,120.32044849251434,新營文化中心圖書館,23.308579,120.315842,1.2136,2.77,osrm_driving
grid_R048_C031,23.316596816500205,120.33022569098203,新營文化中心圖書館,23.308579,120.315842,2.0489,3.63,osrm_driving
grid_R048_C032,23.31663829368826,120.34000291210332,新營文化中心圖書館,23.308579,120.315842,3.7481,8.365,osrm_driving
grid_R048_C033,23.316679161043087,120.3497801555476,新營文化中心圖書館,23.308579,120.315842,4.6262,8.673333333333334,osrm_driving
grid_R048_C034,23.316719418559103,120.35955742098427,新營文化中心圖書館,23.308579,120.315842,5.630199999999999,10.95,osrm_driving
grid_R048_C035,23.316759066230816,120.36933470808272,後壁區圖書館,23.366219,120.362289,6.5939,10.8,osrm_driving
grid_R048_C036,23.316798104052832,120.3791120165123,東山區圖書館,23.326158,120.404169,3.2751,8.246666666666666,osrm_driving
grid_R048_C037,23.316836532019813,120.3888893459424,東山區圖書館,23.326158,120.404169,2.1862,4.416666666666667,osrm_driving
grid_R048_C038,23.316874350126525,120.39866669604235,東山區圖書館,23.326158,120.404169,1.7229,3.5816666666666666,osrm_driving
grid_R048_C039,23.316911558367806,120.4084440664816,東山區圖書館,23.326158,120.404169,1.259,1.971666666666667,osrm_driving
grid_R048_C040,23.316948156738587,120.41822145692946,東山區圖書館,23.326158,120.404169,2.5736999999999997,4.0216666666666665,osrm_driving
grid_R048_C041,23.31698414523387,120.42799886705528,東山區圖書館,23.326158,120.404169,15.4001,16.378333333333334,osrm_driving
grid_R048_C042,23.31701952384875,120.4377762965284,白河區圖書館,23.353425,120.414315,7.2264,12.233333333333333,osrm_driving
grid_R048_C043,23.317054292578405,120.44755374501824,白河區圖書館,23.353425,120.414315,7.631399999999999,12.136666666666668,osrm_driving
grid_R048_C044,23.317088451418098,120.45733121219403,白河區圖書館,23.353425,120.414315,8.950700000000001,15.498333333333331,osrm_driving
grid_R048_C045,23.317122000363153,120.46710869772522,白河區圖書館,23.353425,120.414315,9.8658,19.971666666666668,osrm_driving
grid_R048_C046,23.317154939409004,120.47688620128108,白河區圖書館,23.353425,120.414315,12.5028,27.625,osrm_driving
grid_R048_C047,23.31718726855117,120.486663722531,白河區圖書館,23.353425,120.414315,14.5974,18.021666666666665,osrm_driving
grid_R048_C048,23.317218987785218,120.49644126114426,白河區圖書館,23.353425,120.414315,17.4157,22.290000000000003,osrm_driving
grid_R048_C049,23.317250097106847,120.50621881679022,白河區圖書館,23.353425,120.414315,18.4553,28.526666666666664,osrm_driving
grid_R048_C050,23.317280596511793,120.5159963891382,白河區圖書館,23.353425,120.414315,17.2261,27.933333333333337,osrm_driving
grid_R048_C051,23.31731048599591,120.5257739778575,白河區圖書館,23.353425,120.414315,17.6802,30.496666666666663,osrm_driving
grid_R048_C052,23.31733976555512,120.53555158261749,白河區圖書館,23.353425,120.414315,45.7262,61.43833333333334,osrm_driving
grid_R049_C009,23.324559330951384,120.11507336285165,北門區圖書館,23.270354,120.124891,9.4794,18.515,osrm_driving
grid_R049_C010,23.324614246609062,120.12485066952024,北門區圖書館,23.270354,120.124891,11.1885,19.168333333333333,osrm_driving
grid_R049_C011,23.32466855231376,120.13462800579298,北門區圖書館,23.270354,120.124891,10.2993,15.616666666666667,osrm_driving
grid_R049_C012,23.32472224805805,120.14440537133927,北門區圖書館,23.270354,120.124891,7.97,11.985,osrm_driving
grid_R049_C021,23.32517806035767,120.2324029240143,鹽水區圖書館,23.316355,120.2664,6.9767,8.451666666666666,osrm_driving
grid_R049_C022,23.325225656108906,120.24218056411192,鹽水區圖書館,23.316355,120.2664,4.257,7.168333333333334,osrm_driving
grid_R049_C023,23.32527264182375,120.25195822984612,鹽水區圖書館,23.316355,120.2664,3.3225,4.785,osrm_driving
grid_R049_C024,23.325319017495808,120.26173592088628,鹽水區圖書館,23.316355,120.2664,1.5625,4.071666666666667,osrm_driving
grid_R049_C025,23.32536478311876,120.27151363690164,鹽水區圖書館,23.316355,120.2664,1.284,2.33,osrm_driving
grid_R049_C026,23.325409938686363,120.28129137756154,鹽水區圖書館,23.316355,120.2664,2.3812,5.433333333333334,osrm_driving
grid_R049_C027,23.32545448419245,120.29106914253536,鹽水區圖書館,23.316355,120.2664,3.456,7.0233333333333325,osrm_driving
grid_R049_C028,23.32549841963095,120.3008469314924,新營區圖書館,23.2952,120.273886,5.9127,7.901666666666667,osrm_driving
grid_R049_C029,23.32554174499587,120.31062474410191,新營文化中心圖書館,23.308579,120.315842,2.453,5.576666666666667,osrm_driving
grid_R049_C030,23.32558446028131,120.32040258003326,新營文化中心圖書館,23.308579,120.315842,2.4066,4.243333333333333,osrm_driving
grid_R049_C031,23.32562656548143,120.33018043895572,新營文化中心圖書館,23.308579,120.315842,3.6013,6.5600000000000005,osrm_driving
grid_R049_C032,23.325668060590495,120.3399583205386,新營文化中心圖書館,23.308579,120.315842,3.4191,5.17,osrm_driving
grid_R049_C033,23.32570894560284,120.34973622445118,後壁區圖書館,23.366219,120.362289,5.1271,8.426666666666668,osrm_driving
grid_R049_C034,23.3257492205129,120.35951415036274,後壁區圖書館,23.366219,120.362289,5.1752,7.663333333333333,osrm_driving
grid_R049_C035,23.325788885315173,120.36929209794258,後壁區圖書館,23.366219,120.362289,6.2227,10.733333333333333,osrm_driving
grid_R049_C036,23.325827940004253,120.37907006685997,白河區圖書館,23.353425,120.414315,6.2156,9.861666666666668,osrm_driving
grid_R049_C037,23.325866384574816,120.38884805678416,東山區圖書館,23.326158,120.404169,2.1005,3.731666666666667,osrm_driving
grid_R049_C038,23.32590421902161,120.39862606738446,東山區圖書館,23.326158,120.404169,0.7575,1.6683333333333332,osrm_driving
grid_R049_C039,23.32594144333947,120.4084040983301,東山區圖書館,23.326158,120.404169,0.4432,1.47,osrm_driving
grid_R049_C040,23.325978057523347,120.41818214929036,白河區圖書館,23.353425,120.414315,4.3447,7.653333333333333,osrm_driving
grid_R049_C041,23.32601406156822,120.42796021993452,白河區圖書館,23.353425,120.414315,4.9425,10.513333333333332,osrm_driving
grid_R049_C042,23.326049455469185,120.4377383099318,白河區圖書館,23.353425,120.414315,6.202,10.601666666666668,osrm_driving
grid_R049_C043,23.32608423922142,120.44751641895144,白河區圖書館,23.353425,120.414315,7.4269,14.566666666666666,osrm_driving
grid_R049_C044,23.326118412820176,120.45729454666277,白河區圖書館,23.353425,120.414315,7.1639,11.523333333333332,osrm_driving
grid_R049_C045,23.326151976260796,120.4670726927349,白河區圖書館,23.353425,120.414315,9.2467,18.138333333333332,osrm_driving
grid_R049_C046,23.326184929538694,120.47685085683716,白河區圖書館,23.353425,120.414315,13.783,21.076666666666664,osrm_driving
grid_R049_C047,23.326217272649384,120.48662903863875,白河區圖書館,23.353425,120.414315,16.130200000000002,21.645,osrm_driving
grid_R049_C048,23.32624900558845,120.49640723780897,白河區圖書館,23.353425,120.414315,15.8893,18.576666666666664,osrm_driving
grid_R049_C049,23.32628012835157,120.50618545401694,白河區圖書館,23.353425,120.414315,16.9998,22.128333333333337,osrm_driving
grid_R049_C050,23.32631064093449,120.51596368693195,白河區圖書館,23.353425,120.414315,15.829,22.91,osrm_driving
grid_R049_C051,23.32634054333305,120.52574193622324,白河區圖書館,23.353425,120.414315,18.1832,31.675,osrm_driving
grid_R049_C052,23.326369835543176,120.53552020155996,白河區圖書館,23.353425,120.414315,44.096,57.20166666666667,osrm_driving
grid_R050_C009,23.333588608470855,120.1150135526322,北門區圖書館,23.270354,120.124891,9.4794,18.515,osrm_driving
grid_R050_C010,23.33364354784838,120.1247915199204,北門區圖書館,23.270354,120.124891,11.304799999999998,14.671666666666663,osrm_driving
grid_R050_C011,23.333697877009467,120.13456951682168,北門區圖書館,23.270354,120.124891,10.2818,13.636666666666668,osrm_driving
grid_R050_C023,23.33430222744664,120.2519076690744,鹽水區圖書館,23.316355,120.2664,3.9605,5.008333333333334,osrm_driving
grid_R050_C024,23.334348623150056,120.2616860208496,鹽水區圖書館,23.316355,120.2664,2.4834,5.258333333333334,osrm_driving
grid_R050_C025,23.334394408540874,120.27146439760756,鹽水區圖書館,23.316355,120.2664,2.4141,4.378333333333333,osrm_driving
grid_R050_C026,23.33443958361284,120.28124279901743,鹽水區圖書館,23.316355,120.2664,3.1419,7.7733333333333325,osrm_driving
grid_R050_C027,23.33448414835981,120.29102122474856,鹽水區圖書館,23.316355,120.2664,3.4625,5.593333333333334,osrm_driving
grid_R050_C028,23.334528102775685,120.30079967447004,鹽水區圖書館,23.316355,120.2664,4.8652,9.703333333333337,osrm_driving
grid_R050_C029,23.33457144685448,120.31057814785116,新營文化中心圖書館,23.308579,120.315842,3.426,6.475,osrm_driving
grid_R050_C030,23.33461418059029,120.32035664456106,新營文化中心圖書館,23.308579,120.315842,3.1283000000000003,6.1016666666666675,osrm_driving
grid_R050_C031,23.334656303977273,120.33013516426902,新營文化中心圖書館,23.308579,120.315842,4.157,8.223333333333333,osrm_driving
grid_R050_C032,23.334697817009687,120.3399137066442,新營文化中心圖書館,23.308579,120.315842,5.097300000000001,8.593333333333334,osrm_driving
grid_R050_C033,23.33473871968188,120.34969227135576,後壁區圖書館,23.366219,120.362289,3.822,4.8149999999999995,osrm_driving
grid_R050_C034,23.334779011988257,120.35947085807292,後壁區圖書館,23.366219,120.362289,4.352,6.741666666666666,osrm_driving
grid_R050_C035,23.334818693923335,120.36924946646488,白河區圖書館,23.353425,120.414315,5.4064,7.3,osrm_driving
grid_R050_C036,23.3348577654817,120.3790280962008,白河區圖書館,23.353425,120.414315,4.8511999999999995,8.6,osrm_driving
grid_R050_C037,23.334896226658017,120.38880674694984,東山區圖書館,23.326158,120.404169,1.9281,4.541666666666667,osrm_driving
grid_R050_C038,23.334934077447027,120.39858541838116,東山區圖書館,23.326158,120.404169,1.473,4.895,osrm_driving
grid_R050_C039,23.334971317843596,120.408364110164,東山區圖書館,23.326158,120.404169,1.11,1.4016666666666666,osrm_driving
grid_R050_C040,23.335007947842634,120.41814282196744,白河區圖書館,23.353425,120.414315,3.3218,5.306666666666667,osrm_driving
grid_R050_C041,23.335043967439137,120.42792155346064,白河區圖書館,23.353425,120.414315,5.9628000000000005,11.026666666666667,osrm_driving
grid_R050_C042,23.335079376628187,120.43770030431284,白河區圖書館,23.353425,120.414315,5.7176,10.468333333333334,osrm_driving
grid_R050_C043,23.33511417540497,120.4474790741931,白河區圖書館,23.353425,120.414315,5.8996,9.628333333333334,osrm_driving
grid_R050_C044,23.33514836376473,120.4572578627706,白河區圖書館,23.353425,120.414315,7.5795,12.933333333333334,osrm_driving
grid_R050_C045,23.335181941702807,120.46703666971447,白河區圖書館,23.353425,120.414315,10.7957,13.553333333333336,osrm_driving
grid_R050_C046,23.33521490921462,120.4768154946939,白河區圖書館,23.353425,120.414315,10.3677,14.751666666666669,osrm_driving
grid_R050_C047,23.33524726629567,120.48659433737798,白河區圖書館,23.353425,120.414315,13.457,20.49,osrm_driving
grid_R050_C048,23.335279012941548,120.49637319743586,白河區圖書館,23.353425,120.414315,12.7908,18.89333333333333,osrm_driving
grid_R050_C049,23.335310149147915,120.50615207453664,白河區圖書館,23.353425,120.414315,14.0803,17.32,osrm_driving
grid_R050_C050,23.335340674910533,120.51593096834948,白河區圖書館,23.353425,120.414315,17.681,34.14,osrm_driving
grid_R050_C051,23.33537059022523,120.52570987854348,白河區圖書館,23.353425,120.414315,15.5906,24.756666666666668,osrm_driving
grid_R050_C052,23.33539989508794,120.53548880478776,白河區圖書館,23.353425,120.414315,16.1199,27.93166666666667,osrm_driving
grid_R051_C009,23.342617875441356,120.114953712469,北門區圖書館,23.270354,120.124891,12.1547,15.785,osrm_driving
grid_R051_C010,23.342672838541837,120.12473234070752,北門區圖書館,23.270354,120.124891,11.6002,14.455,osrm_driving
grid_R051_C024,23.34337821829837,120.26163609583024,鹽水區圖書館,23.316355,120.2664,5.029100000000001,11.523333333333332,osrm_driving
grid_R051_C025,23.34342402345964,120.2714151336615,鹽水區圖書館,23.316355,120.2664,3.6507,7.261666666666667,osrm_driving
grid_R051_C026,23.34346921803854,120.28119419615214,鹽水區圖書館,23.316355,120.2664,4.767,10.271666666666668,osrm_driving
grid_R051_C027,23.3435138020289,120.29097328297132,鹽水區圖書館,23.316355,120.2664,5.2386,10.338333333333331,osrm_driving
grid_R051_C028,23.34355777542465,120.30075239378806,鹽水區圖書館,23.316355,120.2664,4.9414,8.011666666666667,osrm_driving
grid_R051_C029,23.343601138219785,120.31053152827154,新營文化中心圖書館,23.308579,120.315842,4.6931,8.095,osrm_driving
grid_R051_C030,23.34364389040838,120.32031068609086,新營文化中心圖書館,23.308579,120.315842,5.1998999999999995,9.983333333333333,osrm_driving
grid_R051_C031,23.34368603198461,120.3300898669151,新營文化中心圖書館,23.308579,120.315842,4.567399999999999,7.415,osrm_driving
grid_R051_C032,23.34372756294273,120.33986907041336,後壁區圖書館,23.366219,120.362289,4.5786999999999995,9.72,osrm_driving
grid_R051_C033,23.34376848327707,120.34964829625476,後壁區圖書館,23.366219,120.362289,3.1386999999999996,4.305000000000001,osrm_driving
grid_R051_C034,23.343808792982056,120.35942754410834,後壁區圖書館,23.366219,120.362289,3.2543,6.05,osrm_driving
grid_R051_C035,23.343848492052185,120.36920681364325,後壁區圖書館,23.366219,120.362289,3.3491,6.426666666666667,osrm_driving
grid_R051_C036,23.343887580482033,120.3789861045285,白河區圖書館,23.353425,120.414315,4.5385,6.886666666666667,osrm_driving
grid_R051_C037,23.34392605826628,120.3887654164332,白河區圖書館,23.353425,120.414315,3.1029,4.3566666666666665,osrm_driving
grid_R051_C038,23.34396392539967,120.3985447490264,白河區圖書館,23.353425,120.414315,2.5383,5.3933333333333335,osrm_driving
grid_R051_C039,23.344001181877047,120.40832410197724,東山區圖書館,23.326158,120.404169,2.4825,4.318333333333333,osrm_driving
grid_R051_C040,23.344037827693317,120.41810347495466,白河區圖書館,23.353425,120.414315,2.1035,3.533333333333333,osrm_driving
grid_R051_C041,23.344073862843487,120.42788286762784,白河區圖書館,23.353425,120.414315,3.3396,5.25,osrm_driving
grid_R051_C042,23.344109287322635,120.43766227966574,白河區圖書館,23.353425,120.414315,4.2572,7.175,osrm_driving
grid_R051_C043,23.344144101125934,120.44744171073748,白河區圖書館,23.353425,120.414315,6.3357,10.42,osrm_driving
grid_R051_C044,23.344178304248643,120.45722116051203,白河區圖書館,23.353425,120.414315,6.9879,9.938333333333333,osrm_driving
grid_R051_C045,23.344211896686076,120.46700062865855,白河區圖書館,23.353425,120.414315,9.8419,13.32,osrm_driving
grid_R051_C046,23.34424487843367,120.476780114846,白河區圖書館,23.353425,120.414315,8.9046,10.903333333333334,osrm_driving
grid_R051_C047,23.344277249486915,120.4865596187434,白河區圖書館,23.353425,120.414315,10.5188,15.111666666666668,osrm_driving
grid_R051_C048,23.344309009841396,120.4963391400198,白河區圖書館,23.353425,120.414315,11.4535,20.721666666666668,osrm_driving
grid_R051_C049,23.344340159492788,120.50611867834428,白河區圖書館,23.353425,120.414315,12.5555,14.898333333333332,osrm_driving
grid_R051_C050,23.34437069843683,120.5158982333858,白河區圖書館,23.353425,120.414315,13.852,16.313333333333333,osrm_driving
grid_R051_C051,23.34440062666936,120.52567780481344,白河區圖書館,23.353425,120.414315,14.7495,20.56833333333333,osrm_driving
grid_R052_C024,23.35240780293761,120.2615861458206,鹽水區圖書館,23.316355,120.2664,6.7841000000000005,7.638333333333334,osrm_driving
grid_R052_C025,23.35245362787193,120.27136584505608,鹽水區圖書館,23.316355,120.2664,4.2863,6.866666666666666,osrm_driving
grid_R052_C026,23.352498841960323,120.28114556895837,鹽水區圖書館,23.316355,120.2664,5.6512,9.706666666666669,osrm_driving
grid_R052_C027,23.352543445196613,120.29092531719644,鹽水區圖書館,23.316355,120.2664,6.4182,15.103333333333332,osrm_driving
grid_R052_C028,23.35258743757472,120.30070508943938,鹽水區圖書館,23.316355,120.2664,6.1841,10.965,osrm_driving
grid_R052_C029,23.35263081908863,120.31048488535612,鹽水區圖書館,23.316355,120.2664,6.965,12.68,osrm_driving
grid_R052_C030,23.352673589732444,120.32026470461572,新營文化中心圖書館,23.308579,120.315842,6.1996,10.221666666666666,osrm_driving
grid_R052_C031,23.35271574950031,120.33004454688717,新營文化中心圖書館,23.308579,120.315842,5.5666,8.883333333333333,osrm_driving
grid_R052_C032,23.35275729838648,120.33982441183944,後壁區圖書館,23.366219,120.362289,3.4546,9.371666666666666,osrm_driving
grid_R052_C033,23.3527982363853,120.34960429914156,後壁區圖書館,23.366219,120.362289,2.457,5.38,osrm_driving
grid_R052_C034,23.352838563491172,120.35938420846249,後壁區圖書館,23.366219,120.362289,2.5036,4.131666666666667,osrm_driving
grid_R052_C035,23.35287827969859,120.36916413947124,後壁區圖書館,23.366219,120.362289,2.3221,4.788333333333333,osrm_driving
grid_R052_C036,23.35291738500215,120.37894409183676,後壁區圖書館,23.366219,120.362289,3.0449,7.89,osrm_driving
grid_R052_C037,23.35295587939651,120.38872406522808,後壁區圖書館,23.366219,120.362289,3.3903000000000003,6.971666666666667,osrm_driving
grid_R052_C038,23.35299376287642,120.39850405931408,白河區圖書館,23.353425,120.414315,1.9288,3.925,osrm_driving
grid_R052_C039,23.353031035436707,120.40828407376384,白河區圖書館,23.353425,120.414315,0.6317,1.413333333333333,osrm_driving
grid_R052_C040,23.35306769707229,120.41806410824624,白河區圖書館,23.353425,120.414315,0.5285,1.4866666666666668,osrm_driving
grid_R052_C041,23.353103747778167,120.42784416243026,白河區圖書館,23.353425,120.414315,1.5442,3.075,osrm_driving
grid_R052_C042,23.353139187549417,120.43762423598486,白河區圖書館,23.353425,120.414315,4.9945,6.455,osrm_driving
grid_R052_C043,23.353174016381217,120.447404328579,白河區圖書館,23.353425,120.414315,6.3892,9.625,osrm_driving
grid_R052_C044,23.35320823426879,120.45718443988164,白河區圖書館,23.353425,120.414315,6.6692,9.976666666666668,osrm_driving
grid_R052_C045,23.353241841207495,120.46696456956168,白河區圖書館,23.353425,120.414315,7.3107,9.026666666666667,osrm_driving
grid_R052_C046,23.353274837192735,120.47674471728808,白河區圖書館,23.353425,120.414315,8.220799999999999,10.428333333333336,osrm_driving
grid_R052_C047,23.353307222220007,120.48652488272978,白河區圖書館,23.353425,120.414315,10.834,14.423333333333334,osrm_driving
grid_R052_C048,23.353338996284897,120.49630506555576,白河區圖書館,23.353425,120.414315,12.6462,17.081666666666667,osrm_driving
grid_R052_C049,23.353370159383065,120.50608526543483,白河區圖書館,23.353425,120.414315,17.292,20.078333333333333,osrm_driving
grid_R052_C050,23.353400711510265,120.51586548203606,白河區圖書館,23.353425,120.414315,17.9671,21.465,osrm_driving
grid_R053_C026,23.36152845537506,120.28109691742875,鹽水區圖書館,23.316355,120.2664,6.2501999999999995,10.98,osrm_driving
grid_R053_C027,23.3615730778598,120.29087732741677,鹽水區圖書館,23.316355,120.2664,6.8345,18.513333333333332,osrm_driving
grid_R053_C028,23.36161708922275,120.30065776141684,後壁區圖書館,23.366219,120.362289,9.5478,17.358333333333334,osrm_driving
grid_R053_C029,23.361660489457915,120.31043821909785,鹽水區圖書館,23.316355,120.2664,7.4035,12.123333333333331,osrm_driving
grid_R053_C030,23.36170327855936,120.32021870012872,後壁區圖書館,23.366219,120.362289,6.1108,9.796666666666663,osrm_driving
grid_R053_C031,23.36174545652125,120.32999920417836,後壁區圖書館,23.366219,120.362289,5.485600000000001,8.455,osrm_driving
grid_R053_C032,23.361787023337833,120.33977973091564,後壁區圖書館,23.366219,120.362289,4.0249,6.73,osrm_driving
grid_R053_C033,23.361827979003444,120.3495602800095,後壁區圖書館,23.366219,120.362289,2.8488,4.838333333333334,osrm_driving
grid_R053_C034,23.36186832351249,120.3593408511288,後壁區圖書館,23.366219,120.362289,0.6874,1.475,osrm_driving
grid_R053_C035,23.36190805685946,120.36912144394245,後壁區圖書館,23.366219,120.362289,1.1134000000000002,2.506666666666667,osrm_driving
grid_R053_C036,23.361947179038935,120.37890205811928,後壁區圖書館,23.366219,120.362289,1.95,2.6366666666666663,osrm_driving
grid_R053_C037,23.36198569004559,120.38868269332816,後壁區圖書館,23.366219,120.362289,3.1129,4.64,osrm_driving
grid_R053_C038,23.362023589874156,120.39846334923806,白河區圖書館,23.353425,120.414315,2.8495,6.001666666666667,osrm_driving
grid_R053_C039,23.362060878519472,120.40824402551776,白河區圖書館,23.353425,120.414315,1.3328,2.7483333333333335,osrm_driving
grid_R053_C040,23.362097555976444,120.41802472183616,白河區圖書館,23.353425,120.414315,2.1338000000000004,4.888333333333334,osrm_driving
grid_R053_C041,23.362133622240073,120.42780543786208,白河區圖書館,23.353425,120.414315,1.9247,4.08,osrm_driving
grid_R053_C042,23.36216907730544,120.43758617326444,白河區圖書館,23.353425,120.414315,3.3409,5.201666666666667,osrm_driving
grid_R053_C043,23.36220392116769,120.44736692771204,白河區圖書館,23.353425,120.414315,4.1773,9.07,osrm_driving
grid_R053_C044,23.362238153822087,120.45714770087376,白河區圖書館,23.353425,120.414315,5.6563,9.568333333333332,osrm_driving
grid_R053_C045,23.36227177526396,120.46692849241842,白河區圖書館,23.353425,120.414315,6.7365,14.251666666666669,osrm_driving
grid_R053_C046,23.36230478548871,120.47670930201488,白河區圖書館,23.353425,120.414315,9.4511,16.156666666666666,osrm_driving
grid_R053_C047,23.362337184491853,120.48649012933194,白河區圖書館,23.353425,120.414315,12.3092,29.456666666666667,osrm_driving
grid_R053_C048,23.36236897226895,120.49627097403848,白河區圖書館,23.353425,120.414315,13.086799999999998,19.573333333333338,osrm_driving
grid_R053_C049,23.36240014881566,120.50605183580332,白河區圖書館,23.353425,120.414315,12.4526,20.813333333333333,osrm_driving
grid_R053_C050,23.362430714127743,120.51583271429529,白河區圖書館,23.353425,120.414315,13.8037,34.95333333333333,osrm_driving
grid_R054_C026,23.37055805827963,120.28104824155602,鹽水區圖書館,23.316355,120.2664,6.7157,9.94,osrm_driving
grid_R054_C027,23.370602700015347,120.29082931362504,鹽水區圖書館,23.316355,120.2664,7.9513,12.421666666666663,osrm_driving
grid_R054_C028,23.37064673036564,120.30061040971334,後壁區圖書館,23.366219,120.362289,8.7812,16.256666666666668,osrm_driving
grid_R054_C029,23.3706901493245,120.3103915294897,後壁區圖書館,23.366219,120.362289,7.583,12.373333333333331,osrm_driving
grid_R054_C030,23.37073295688601,120.32017267262296,後壁區圖書館,23.366219,120.362289,6.716600000000001,12.761666666666668,osrm_driving
grid_R054_C031,23.370775153044313,120.3299538387819,後壁區圖書館,23.366219,120.362289,5.6404,9.645,osrm_driving
grid_R054_C032,23.37081673779366,120.33973502763531,後壁區圖書館,23.366219,120.362289,5.2349,9.353333333333332,osrm_driving
grid_R054_C033,23.37085771112838,120.34951623885202,後壁區圖書館,23.366219,120.362289,7.0518,13.311666666666667,osrm_driving
grid_R054_C034,23.370898073042877,120.3592974721008,後壁區圖書館,23.366219,120.362289,1.755,4.151666666666666,osrm_driving
grid_R054_C035,23.37093782353165,120.3690787270504,後壁區圖書館,23.366219,120.362289,1.6909,4.328333333333333,osrm_driving
grid_R054_C036,23.370976962589268,120.37886000336968,後壁區圖書館,23.366219,120.362289,2.1346999999999996,5.760000000000001,osrm_driving
grid_R054_C037,23.371015490210393,120.38864130072731,後壁區圖書館,23.366219,120.362289,3.6892,8.0,osrm_driving
grid_R054_C038,23.37105340638977,120.3984226187922,白河區圖書館,23.353425,120.414315,2.8142,4.97,osrm_driving
grid_R054_C039,23.37109071112222,120.408203957233,白河區圖書館,23.353425,120.414315,2.6485,6.239999999999999,osrm_driving
grid_R054_C040,23.371127404402667,120.41798531571854,白河區圖書館,23.353425,120.414315,2.8895,6.121666666666667,osrm_driving
grid_R054_C041,23.371163486226088,120.42776669391752,白河區圖書館,23.353425,120.414315,2.7077,3.8916666666666666,osrm_driving
grid_R054_C042,23.37119895658757,120.43754809149875,白河區圖書館,23.353425,120.414315,3.7972,6.886666666666667,osrm_driving
grid_R054_C043,23.371233815482263,120.44732950813098,白河區圖書館,23.353425,120.414315,4.469600000000001,8.885,osrm_driving
grid_R054_C044,23.371268062905425,120.45711094348292,白河區圖書館,23.353425,120.414315,5.6831000000000005,11.3,osrm_driving
grid_R054_C045,23.371301698852363,120.46689239722336,白河區圖書館,23.353425,120.414315,6.846,12.335,osrm_driving
grid_R054_C046,23.3713347233185,120.47667386902104,白河區圖書館,23.353425,120.414315,9.5888,18.208333333333332,osrm_driving
grid_R054_C047,23.371367136299337,120.48645535854465,白河區圖書館,23.353425,120.414315,10.7177,19.935,osrm_driving
grid_R054_C048,23.37139893779044,120.49623686546296,白河區圖書館,23.353425,120.414315,10.763,16.668333333333333,osrm_driving
grid_R054_C049,23.371430127787463,120.50601838944468,白河區圖書館,23.353425,120.414315,12.0257,24.248333333333335,osrm_driving
grid_R055_C027,23.37963231166011,120.29078127581408,鹽水區圖書館,23.316355,120.2664,8.1841,12.016666666666667,osrm_driving
grid_R055_C028,23.379676361000246,120.30056303432178,鹽水區圖書館,23.316355,120.2664,9.8765,15.426666666666668,osrm_driving
grid_R055_C029,23.37971979868527,120.31034481652468,鹽水區圖書館,23.316355,120.2664,10.2165,16.726666666666667,osrm_driving
grid_R055_C030,23.37976262470926,120.32012662209152,後壁區圖書館,23.366219,120.362289,7.381,13.536666666666669,osrm_driving
grid_R055_C031,23.379804839066377,120.32990845069097,後壁區圖書館,23.366219,120.362289,5.2243,8.43,osrm_driving
grid_R055_C032,23.37984644175084,120.3396903019917,後壁區圖書館,23.366219,120.362289,4.328600000000001,7.588333333333334,osrm_driving
grid_R055_C033,23.37988743275699,120.34947217566246,後壁區圖書館,23.366219,120.362289,3.8152,7.931666666666667,osrm_driving
grid_R055_C034,23.37992781207924,120.35925407137192,後壁區圖書館,23.366219,120.362289,4.3709,8.238333333333333,osrm_driving
grid_R055_C035,23.379967579712055,120.36903598878877,後壁區圖書館,23.366219,120.362289,1.8158,3.056666666666666,osrm_driving
grid_R055_C036,23.380006735650024,120.37881792758166,後壁區圖書館,23.366219,120.362289,2.5523,4.546666666666667,osrm_driving
grid_R055_C037,23.380045279887813,120.3885998874193,後壁區圖書館,23.366219,120.362289,4.338,6.9783333333333335,osrm_driving
grid_R055_C038,23.380083212420143,120.39838186797036,後壁區圖書館,23.366219,120.362289,4.7566999999999995,8.468333333333334,osrm_driving
grid_R055_C039,23.380120533241858,120.40816386890351,白河區圖書館,23.353425,120.414315,4.2507,8.336666666666666,osrm_driving
grid_R055_C040,23.380157242347845,120.41794588988742,白河區圖書館,23.353425,120.414315,3.6403,6.843333333333334,osrm_driving
grid_R055_C041,23.380193339733104,120.42772793059072,白河區圖書館,23.353425,120.414315,4.2207,7.455,osrm_driving
grid_R055_C042,23.38022882539271,120.43750999068207,白河區圖書館,23.353425,120.414315,4.4623,7.461666666666667,osrm_driving
grid_R055_C043,23.38026369932182,120.4472920698302,白河區圖書館,23.353425,120.414315,5.0635,8.326666666666666,osrm_driving
grid_R055_C044,23.380297961515677,120.45707416770364,白河區圖書館,23.353425,120.414315,7.2005,12.871666666666666,osrm_driving
grid_R055_C045,23.38033161196959,120.4668562839711,白河區圖書館,23.353425,120.414315,7.5614,11.576666666666666,osrm_driving
grid_R055_C046,23.380364650678995,120.47663841830123,白河區圖書館,23.353425,120.414315,8.233600000000001,12.733333333333333,osrm_driving
grid_R055_C047,23.38039707763936,120.48642057036264,白河區圖書館,23.353425,120.414315,9.2025,13.95,osrm_driving
grid_R055_C048,23.380428892846272,120.496202739824,白河區圖書館,23.353425,120.414315,11.2684,17.071666666666665,osrm_driving
grid_R056_C029,23.3887494375371,120.31029808019576,鹽水區圖書館,23.316355,120.2664,10.5752,15.051666666666668,osrm_driving
grid_R056_C030,23.388792282026,120.32008054852744,鹽水區圖書館,23.316355,120.2664,11.919,18.376666666666665,osrm_driving
grid_R056_C031,23.388834514584307,120.3298630398987,後壁區圖書館,23.366219,120.362289,6.0708,11.91,osrm_driving
grid_R056_C032,23.388876135206257,120.33964555397807,後壁區圖書館,23.366219,120.362289,5.7663,11.246666666666666,osrm_driving
grid_R056_C033,23.38891714388616,120.34942809043422,後壁區圖書館,23.366219,120.362289,5.2562,10.15,osrm_driving
grid_R056_C034,23.38895754061843,120.35921064893569,後壁區圖書館,23.366219,120.362289,6.2875,14.346666666666666,osrm_driving
grid_R056_C035,23.38899732539756,120.36899322915106,後壁區圖書館,23.366219,120.362289,3.5938000000000003,6.9350000000000005,osrm_driving
grid_R056_C036,23.38903649821811,120.37877583074894,後壁區圖書館,23.366219,120.362289,3.4698,6.338333333333334,osrm_driving
grid_R056_C037,23.389075059074734,120.38855845339788,後壁區圖書館,23.366219,120.362289,5.0713,9.468333333333334,osrm_driving
grid_R056_C038,23.389113007962177,120.39834109676649,後壁區圖書館,23.366219,120.362289,5.7297,9.758333333333333,osrm_driving
grid_R056_C039,23.389150344875254,120.4081237605233,白河區圖書館,23.353425,120.414315,5.0278,9.313333333333333,osrm_driving
grid_R056_C040,23.389187069808873,120.41790644433692,白河區圖書館,23.353425,120.414315,4.9829,9.961666666666668,osrm_driving
grid_R056_C041,23.389223182758016,120.42768914787584,白河區圖書館,23.353425,120.414315,5.7193000000000005,9.663333333333332,osrm_driving
grid_R056_C042,23.38925868371776,120.43747187080872,白河區圖書館,23.353425,120.414315,5.178,7.083333333333333,osrm_driving
grid_R056_C043,23.38929357268326,120.447254612804,白河區圖書館,23.353425,120.414315,7.8168,15.958333333333334,osrm_driving
grid_R056_C044,23.389327849649753,120.45703737353033,白河區圖書館,23.353425,120.414315,7.728899999999999,15.49,osrm_driving
grid_R056_C045,23.389361514612563,120.46682015265615,白河區圖書館,23.353425,120.414315,8.4397,14.175,osrm_driving
grid_R056_C046,23.389394567567095,120.47660294985012,白河區圖書館,23.353425,120.414315,8.6652,15.191666666666666,osrm_driving
grid_R056_C047,23.389427008508832,120.48638576478072,白河區圖書館,23.353425,120.414315,9.3397,16.396666666666665,osrm_driving
grid_R056_C048,23.389458837433356,120.49616859711648,白河區圖書館,23.353425,120.414315,13.1222,22.33,osrm_driving
grid_R057_C032,23.39790581815678,120.3396007835877,後壁區圖書館,23.366219,120.362289,7.5672,14.288333333333332,osrm_driving
grid_R057_C033,23.39794684451277,120.34938398316062,後壁區圖書館,23.366219,120.362289,7.4417,16.720000000000002,osrm_driving
grid_R057_C034,23.397987258657366,120.35916720478548,後壁區圖書館,23.366219,120.362289,7.045,15.783333333333331,osrm_driving
grid_R057_C035,23.398027060585058,120.36895044813085,後壁區圖書館,23.366219,120.362289,5.0771999999999995,12.678333333333336,osrm_driving
grid_R057_C036,23.3980662502904,120.3787337128651,後壁區圖書館,23.366219,120.362289,4.122,5.631666666666666,osrm_driving
grid_R057_C037,23.39810482776805,120.3885169986568,後壁區圖書館,23.366219,120.362289,4.9877,9.411666666666669,osrm_driving
grid_R057_C038,23.39814279301275,120.39830030517436,後壁區圖書館,23.366219,120.362289,6.4337,12.583333333333334,osrm_driving
grid_R057_C039,23.39818014601932,120.4080836320863,白河區圖書館,23.353425,120.414315,5.9475,10.618333333333334,osrm_driving
grid_R057_C040,23.39821688678264,120.41786697906106,白河區圖書館,23.353425,120.414315,7.0675,9.555,osrm_driving
grid_R057_C041,23.39825301529772,120.42765034576708,白河區圖書館,23.353425,120.414315,5.9998000000000005,8.113333333333333,osrm_driving
grid_R057_C042,23.39828853155961,120.43743373187289,白河區圖書館,23.353425,120.414315,6.1732,7.798333333333333,osrm_driving
grid_R057_C043,23.398323435563476,120.44721713704683,白河區圖書館,23.353425,120.414315,6.3123000000000005,9.486666666666668,osrm_driving
grid_R057_C044,23.398357727304557,120.45700056095748,白河區圖書館,23.353425,120.414315,8.6533,17.355,osrm_driving
grid_R057_C045,23.398391406778156,120.46678400327316,白河區圖書館,23.353425,120.414315,9.0943,21.040000000000003,osrm_driving
grid_R057_C046,23.39842447397969,120.4765674636624,白河區圖書館,23.353425,120.414315,9.6465,18.90666666666667,osrm_driving
grid_R057_C047,23.398456928904643,120.48635094179362,白河區圖書館,23.353425,120.414315,14.3922,19.951666666666664,osrm_driving
grid_R057_C048,23.398488771548585,120.49613443733524,白河區圖書館,23.353425,120.414315,18.8998,27.613333333333333,osrm_driving
grid_R058_C034,23.407016966192916,120.35912373891487,後壁區圖書館,23.366219,120.362289,9.054200000000002,14.22,osrm_driving
grid_R058_C035,23.40705678527142,120.36890764572168,後壁區圖書館,23.366219,120.362289,8.960799999999999,16.115,osrm_driving
grid_R058_C036,23.407095991863777,120.37869157392387,後壁區圖書館,23.366219,120.362289,6.2783999999999995,10.73,osrm_driving
grid_R058_C037,23.407134585964645,120.3884755231898,後壁區圖書館,23.366219,120.362289,7.4052,12.795,osrm_driving
grid_R058_C038,23.40717256756875,120.39825949318788,白河區圖書館,23.353425,120.414315,7.7056,16.301666666666666,osrm_driving
grid_R058_C039,23.40720993667092,120.40804348358644,白河區圖書館,23.353425,120.414315,6.7255,11.85,osrm_driving
grid_R058_C040,23.407246693266035,120.4178274940539,白河區圖書館,23.353425,120.414315,7.0108999999999995,12.216666666666669,osrm_driving
grid_R058_C041,23.407282837349097,120.42761152425857,白河區圖書館,23.353425,120.414315,7.557600000000001,10.933333333333334,osrm_driving
grid_R058_C042,23.407318368915156,120.43739557386884,白河區圖書館,23.353425,120.414315,11.3021,10.761666666666668,osrm_driving
grid_R058_C043,23.40735328795937,120.447179642553,白河區圖書館,23.353425,120.414315,8.4642,13.418333333333331,osrm_driving
grid_R058_C044,23.407387594476972,120.4569637299795,白河區圖書館,23.353425,120.414315,11.975,16.445,osrm_driving
grid_R059_C039,23.416239716826972,120.40800331501777,後壁區圖書館,23.366219,120.362289,11.3075,17.1,osrm_driving
grid_R059_C042,23.416348195781296,120.43735739679086,白河區圖書館,23.353425,120.414315,8.2524,9.853333333333332,osrm_driving
grid_R059_C043,23.416383129867835,120.44714212931692,白河區圖書館,23.353425,120.414315,10.0495,12.351666666666668,osrm_driving
